crm,invoice_number,invoice_date,inv_month,total_price,payment_amount,pending_payment,payment_date,pmt_month,total_weight,route,rep_name,vehicle
CRM038,INV0395,2023-11-07,11,108700.0,103187.0,5513.0,2023-11-07,11,953.0,Umoja2,Rep One,KAA008
CRM005,INV0935,2023-08-10,8,43460.0,36984.0,6476.0,2023-08-11,8,482.0,Tena,Rep One,KAA008
CRM023,INV0682,2023-12-15,12,143820.0,141417.0,2403.0,2023-12-17,12,1220.0,Umoja1,Rep One,KAA010
CRM022,INV0709,2023-11-18,11,86190.0,80106.0,6084.0,2023-11-19,11,653.0,Umoja1,Rep One,KAA003
CRM017,INV0694,2023-07-19,7,161050.0,154632.0,6418.0,2023-07-19,7,1148.0,Innercore,Rep One,KAA001
CRM077,INV0376,2023-06-25,6,24300.0,22104.0,2196.0,2023-06-26,6,90.0,Tassia2,Rep Three,KAA007
CRM048,INV0134,2023-06-24,6,48700.0,45720.0,2980.0,2023-06-25,6,332.0,Donholm1,Rep Two,KAA009
CRM029,INV0028,2023-04-05,4,158860.0,157802.0,1058.0,2023-04-05,4,1128.0,Umoja1,Rep One,KAA002
CRM003,INV0394,2023-09-16,9,68150.0,63312.0,4838.0,2023-09-18,9,458.0,Tena,Rep One,KAA008
CRM062,INV0541,2023-09-11,9,119200.0,117014.0,2186.0,2023-09-13,9,816.0,Tassia1,Rep Three,KAA010
CRM035,INV0128,2023-03-02,3,85870.0,81492.0,4378.0,2023-03-04,3,502.0,Umoja2,Rep One,KAA009
CRM021,INV0659,2023-10-31,10,37600.0,34054.0,3546.0,2023-11-02,11,240.0,Umoja1,Rep One,KAA009
CRM005,INV0875,2023-02-17,2,75000.0,73968.0,1032.0,2023-02-19,2,544.0,Tena,Rep One,KAA005
CRM010,INV0739,2023-03-29,3,156410.0,150623.0,5787.0,2023-03-29,3,1010.0,Tena,Rep One,KAA005
CRM026,INV0305,2023-12-03,12,10800.0,9649.0,1151.0,2023-12-03,12,40.0,Umoja1,Rep One,KAA002
CRM010,INV0618,2023-06-04,6,12000.0,7992.0,4008.0,2023-06-06,6,100.0,Tena,Rep One,KAA005
CRM046,INV0816,2023-12-04,12,80150.0,75051.0,5099.0,2023-12-05,12,505.0,Donholm1,Rep Two,KAA001
CRM058,INV0552,2023-07-31,7,150060.0,148704.0,1356.0,2023-08-01,8,1205.0,Donholm2,Rep Two,KAA001
CRM034,INV0763,2023-12-08,12,183090.0,182809.0,281.0,2023-12-08,12,1369.0,Umoja2,Rep One,KAA007
CRM061,INV0056,2023-07-31,7,68520.0,67285.0,1235.0,2023-08-02,8,675.0,Tassia1,Rep Three,KAA004
CRM063,INV0510,2023-05-17,5,118900.0,117018.0,1882.0,2023-05-18,5,794.0,Tassia1,Rep Three,KAA008
CRM078,INV0444,2023-05-19,5,22500.0,22485.0,15.0,2023-05-21,5,100.0,Tassia2,Rep Three,KAA002
CRM073,INV0237,2023-05-30,5,22700.0,19805.0,2895.0,2023-06-01,6,170.0,Tassia2,Rep Three,KAA007
CRM040,INV0898,2023-10-29,10,40400.0,37422.0,2978.0,2023-10-29,10,334.0,Umoja2,Rep One,KAA006
CRM024,INV0048,2023-04-14,4,62700.0,55932.0,6768.0,2023-04-15,4,410.0,Umoja1,Rep One,KAA004
CRM065,INV0646,2023-09-26,9,185100.0,181205.0,3895.0,2023-09-27,9,1515.0,Tassia1,Rep Three,KAA008
CRM072,INV0790,2023-04-28,4,156810.0,150849.0,5961.0,2023-04-28,4,1211.0,Tassia2,Rep Three,KAA009
CRM005,INV0613,2023-01-24,1,80280.0,78350.0,1930.0,2023-01-26,1,526.0,Tena,Rep One,KAA005
CRM045,INV0328,2023-01-05,1,151360.0,150963.0,397.0,2023-01-05,1,1069.0,Donholm1,Rep Two,KAA004
CRM034,INV0769,2023-06-02,6,38100.0,36377.0,1723.0,2023-06-04,6,184.0,Umoja2,Rep One,KAA007
CRM079,INV0452,2023-02-03,2,180740.0,175677.0,5063.0,2023-02-04,2,1431.0,Tassia2,Rep Three,KAA003
CRM011,INV0930,2023-11-26,11,96750.0,93807.0,2943.0,2023-11-27,11,776.0,Innercore,Rep One,KAA008
CRM012,INV0506,2023-07-07,7,60330.0,57872.0,2458.0,2023-07-07,7,456.0,Innercore,Rep One,KAA007
CRM041,INV0078,2023-08-15,8,9000.0,4909.0,4091.0,2023-08-16,8,40.0,Donholm1,Rep Two,KAA006
CRM056,INV0429,2023-01-12,1,101560.0,99213.0,2347.0,2023-01-13,1,925.0,Donholm2,Rep Two,KAA001
CRM061,INV0622,2023-01-02,1,32760.0,28475.0,4285.0,2023-01-04,1,304.0,Tassia1,Rep Three,KAA006
CRM032,INV0277,2023-12-31,12,114050.0,112078.0,1972.0,2024-01-02,1,668.0,Umoja2,Rep One,KAA010
CRM076,INV0382,2023-05-03,5,79110.0,79012.0,98.0,2023-05-05,5,518.0,Tassia2,Rep Three,KAA007
CRM075,INV0195,2023-02-03,2,186350.0,184592.0,1758.0,2023-02-05,2,1232.0,Tassia2,Rep Three,KAA004
CRM024,INV0060,2023-08-09,8,144660.0,140955.0,3705.0,2023-08-10,8,1019.0,Umoja1,Rep One,KAA004
CRM056,INV0133,2023-04-26,4,64190.0,62584.0,1606.0,2023-04-26,4,438.0,Donholm2,Rep Two,KAA009
CRM008,INV0451,2023-10-28,10,161610.0,159096.0,2514.0,2023-10-29,10,1170.0,Tena,Rep One,KAA003
CRM037,INV0971,2023-07-02,7,110330.0,107479.0,2851.0,2023-07-03,7,754.0,Umoja2,Rep One,KAA001
CRM064,INV0415,2023-12-18,12,26550.0,21319.0,5231.0,2023-12-18,12,246.0,Tassia1,Rep Three,KAA010
CRM035,INV0854,2023-05-10,5,208510.0,205690.0,2820.0,2023-05-10,5,1380.0,Umoja2,Rep One,KAA003
CRM030,INV0677,2023-01-30,1,14520.0,13703.0,817.0,2023-01-30,1,168.0,Umoja1,Rep One,KAA010
CRM016,INV0165,2023-05-17,5,161430.0,159546.0,1884.0,2023-05-18,5,1098.0,Innercore,Rep One,KAA002
CRM003,INV0796,2023-08-30,8,10500.0,8346.0,2154.0,2023-08-31,8,120.0,Tena,Rep One,KAA009
CRM036,INV0845,2023-03-21,3,164670.0,163676.0,994.0,2023-03-23,3,1152.0,Umoja2,Rep One,KAA003
CRM078,INV0653,2023-02-28,2,16840.0,12003.0,4837.0,2023-02-28,2,192.0,Tassia2,Rep Three,KAA008
CRM004,INV0493,2023-07-17,7,75450.0,71175.0,4275.0,2023-07-18,7,602.0,Tena,Rep One,KAA007
CRM041,INV0185,2023-05-09,5,55300.0,52936.0,2364.0,2023-05-11,5,356.0,Donholm1,Rep Two,KAA003
CRM039,INV0550,2023-02-01,2,52900.0,49867.0,3033.0,2023-02-02,2,329.0,Umoja2,Rep One,KAA001
CRM071,INV0360,2023-01-15,1,27900.0,23414.0,4486.0,2023-01-16,1,110.0,Tassia2,Rep Three,KAA006
CRM035,INV0287,2023-03-04,3,18720.0,12847.0,5873.0,2023-03-04,3,194.0,Umoja2,Rep One,KAA001
CRM068,INV0860,2023-06-08,6,95760.0,92400.0,3360.0,2023-06-08,6,558.0,Tassia1,Rep Three,KAA004
CRM065,INV0702,2023-10-08,10,135210.0,131127.0,4083.0,2023-10-09,10,919.0,Tassia1,Rep Three,KAA002
CRM064,INV0949,2023-09-23,9,14100.0,10627.0,3473.0,2023-09-23,9,60.0,Tassia1,Rep Three,KAA009
CRM021,INV0515,2023-06-19,6,183570.0,182898.0,672.0,2023-06-19,6,1386.0,Umoja1,Rep One,KAA008
CRM019,INV0301,2023-09-26,9,77250.0,72788.0,4462.0,2023-09-28,9,590.0,Innercore,Rep One,KAA002
CRM052,INV0390,2023-12-17,12,153870.0,153616.0,254.0,2023-12-19,12,1058.0,Donholm2,Rep Two,KAA008
CRM016,INV0179,2023-08-14,8,116330.0,112285.0,4045.0,2023-08-14,8,807.0,Innercore,Rep One,KAA003
CRM046,INV0981,2023-06-01,6,48640.0,43747.0,4893.0,2023-06-03,6,373.0,Donholm1,Rep Two,KAA001
CRM053,INV0705,2023-06-24,6,112500.0,110601.0,1899.0,2023-06-26,6,685.0,Donholm2,Rep Two,KAA002
CRM021,INV0958,2023-03-19,3,39460.0,39198.0,262.0,2023-03-19,3,292.0,Umoja1,Rep One,KAA010
CRM046,INV0858,2023-06-09,6,163330.0,158793.0,4537.0,2023-06-10,6,1076.0,Donholm1,Rep Two,KAA004
CRM057,INV0109,2023-12-29,12,77820.0,74355.0,3465.0,2023-12-29,12,766.0,Donholm2,Rep Two,KAA008
CRM054,INV0911,2023-11-16,11,45590.0,44096.0,1494.0,2023-11-18,11,441.0,Donholm2,Rep Two,KAA007
CRM062,INV0636,2023-09-24,9,219610.0,217433.0,2177.0,2023-09-24,9,1450.0,Tassia1,Rep Three,KAA007
CRM068,INV0096,2023-07-21,7,117760.0,116004.0,1756.0,2023-07-22,7,746.0,Tassia1,Rep Three,KAA007
CRM003,INV0293,2023-01-08,1,26400.0,22562.0,3838.0,2023-01-10,1,204.0,Tena,Rep One,KAA001
CRM070,INV0758,2023-03-31,3,37500.0,31552.0,5948.0,2023-04-02,4,190.0,Tassia1,Rep Three,KAA006
CRM043,INV0988,2023-05-15,5,137290.0,136886.0,404.0,2023-05-16,5,1002.0,Donholm1,Rep Two,KAA002
CRM022,INV0490,2023-01-12,1,180990.0,174633.0,6357.0,2023-01-13,1,1317.0,Umoja1,Rep One,KAA006
CRM073,INV0772,2023-04-03,4,44500.0,40340.0,4160.0,2023-04-04,4,190.0,Tassia2,Rep Three,KAA007
CRM032,INV0031,2023-12-26,12,82440.0,80519.0,1921.0,2023-12-28,12,617.0,Umoja2,Rep One,KAA003
CRM011,INV0461,2023-03-18,3,148000.0,144799.0,3201.0,2023-03-19,3,1107.0,Innercore,Rep One,KAA003
CRM013,INV0160,2023-11-12,11,166050.0,165830.0,220.0,2023-11-14,11,1226.0,Innercore,Rep One,KAA001
CRM050,INV0387,2023-07-20,7,107070.0,103109.0,3961.0,2023-07-20,7,810.0,Donholm1,Rep Two,KAA008
CRM059,INV0339,2023-01-11,1,61630.0,59514.0,2116.0,2023-01-13,1,420.0,Donholm2,Rep Two,KAA004
CRM058,INV0508,2023-08-23,8,158590.0,155018.0,3572.0,2023-08-23,8,1170.0,Donholm2,Rep Two,KAA008
CRM010,INV0057,2023-10-05,10,191400.0,187162.0,4238.0,2023-10-07,10,1349.0,Tena,Rep One,KAA004
CRM046,INV0630,2023-01-08,1,178410.0,178064.0,346.0,2023-01-09,1,1244.0,Donholm1,Rep Two,KAA006
CRM048,INV0851,2023-06-18,6,108060.0,107443.0,617.0,2023-06-20,6,765.0,Donholm1,Rep Two,KAA003
CRM063,INV0786,2023-04-20,4,62200.0,58028.0,4172.0,2023-04-20,4,546.0,Tassia1,Rep Three,KAA009
CRM065,INV0422,2023-11-26,11,58380.0,55694.0,2686.0,2023-11-26,11,484.0,Tassia1,Rep Three,KAA010
CRM050,INV0990,2023-08-03,8,75550.0,71667.0,3883.0,2023-08-03,8,734.0,Donholm1,Rep Two,KAA002
CRM002,INV0549,2023-12-18,12,43100.0,42895.0,205.0,2023-12-19,12,170.0,Tena,Rep One,KAA001
CRM026,INV0077,2023-03-28,3,77740.0,73522.0,4218.0,2023-03-30,3,468.0,Umoja1,Rep One,KAA006
CRM001,INV0464,2023-05-02,5,209130.0,208097.0,1033.0,2023-05-03,5,1654.0,Tena,Rep One,KAA004
CRM016,INV0431,2023-05-08,5,88780.0,87775.0,1005.0,2023-05-09,5,604.0,Innercore,Rep One,KAA001
CRM041,INV0216,2023-06-05,6,144680.0,138409.0,6271.0,2023-06-05,6,796.0,Donholm1,Rep Two,KAA006
CRM021,INV0734,2023-09-13,9,124950.0,124189.0,761.0,2023-09-13,9,865.0,Umoja1,Rep One,KAA004
CRM077,INV0567,2023-07-10,7,44120.0,38983.0,5137.0,2023-07-11,7,374.0,Tassia2,Rep Three,KAA002
CRM061,INV0406,2023-08-15,8,86620.0,84493.0,2127.0,2023-08-16,8,669.0,Tassia1,Rep Three,KAA009
CRM078,INV0253,2023-04-07,4,148250.0,141544.0,6706.0,2023-04-08,4,1137.0,Tassia2,Rep Three,KAA008
CRM017,INV0794,2023-09-25,9,10600.0,7274.0,3326.0,2023-09-27,9,120.0,Innercore,Rep One,KAA009
CRM065,INV0286,2023-11-07,11,122650.0,122194.0,456.0,2023-11-08,11,1038.0,Tassia1,Rep Three,KAA001
CRM078,INV0321,2023-08-13,8,134410.0,132798.0,1612.0,2023-08-13,8,1063.0,Tassia2,Rep Three,KAA003
CRM059,INV0059,2023-02-26,2,21000.0,16448.0,4552.0,2023-02-26,2,175.0,Donholm2,Rep Two,KAA004
CRM065,INV0153,2023-10-10,10,21000.0,19750.0,1250.0,2023-10-11,10,175.0,Tassia1,Rep Three,KAA001
CRM065,INV0024,2023-08-17,8,153740.0,152380.0,1360.0,2023-08-19,8,1155.0,Tassia1,Rep Three,KAA002
CRM073,INV0905,2023-06-18,6,12420.0,9724.0,2696.0,2023-06-20,6,144.0,Tassia2,Rep Three,KAA006
CRM063,INV0482,2023-07-09,7,12500.0,7734.0,4766.0,2023-07-09,7,50.0,Tassia1,Rep Three,KAA005
CRM007,INV0835,2023-02-23,2,76230.0,76001.0,229.0,2023-02-23,2,496.0,Tena,Rep One,KAA002
CRM031,INV0809,2023-12-15,12,163130.0,160949.0,2181.0,2023-12-15,12,930.0,Umoja2,Rep One,KAA010
CRM031,INV0683,2023-03-14,3,89850.0,83518.0,6332.0,2023-03-15,3,575.0,Umoja2,Rep One,KAA001
CRM013,INV0681,2023-07-10,7,194730.0,190436.0,4294.0,2023-07-12,7,1435.0,Innercore,Rep One,KAA010
CRM070,INV0479,2023-10-31,10,122840.0,119135.0,3705.0,2023-11-01,11,960.0,Tassia1,Rep Three,KAA005
CRM032,INV0740,2023-05-29,5,141510.0,137244.0,4266.0,2023-05-30,5,1109.0,Umoja2,Rep One,KAA005
CRM074,INV0547,2023-05-07,5,72980.0,72268.0,712.0,2023-05-09,5,658.0,Tassia2,Rep Three,KAA001
CRM053,INV0412,2023-04-10,4,144820.0,140244.0,4576.0,2023-04-12,4,870.0,Donholm2,Rep Two,KAA010
CRM062,INV0551,2023-01-26,1,25320.0,24011.0,1309.0,2023-01-26,1,288.0,Tassia1,Rep Three,KAA001
CRM046,INV0921,2023-02-09,2,55240.0,49569.0,5671.0,2023-02-11,2,582.0,Donholm1,Rep Two,KAA007
CRM015,INV0142,2023-03-14,3,19500.0,12519.0,6981.0,2023-03-16,3,100.0,Innercore,Rep One,KAA010
CRM015,INV0942,2023-06-23,6,170750.0,165243.0,5507.0,2023-06-24,6,1092.0,Innercore,Rep One,KAA009
CRM033,INV0392,2023-12-20,12,180980.0,177472.0,3508.0,2023-12-22,12,1260.0,Umoja2,Rep One,KAA008
CRM004,INV0117,2023-01-30,1,117880.0,116410.0,1470.0,2023-01-31,1,813.0,Tena,Rep One,KAA008
CRM001,INV0929,2023-06-04,6,147380.0,146333.0,1047.0,2023-06-04,6,1020.0,Tena,Rep One,KAA008
CRM004,INV0782,2023-03-25,3,131260.0,128562.0,2698.0,2023-03-25,3,1058.0,Tena,Rep One,KAA008
CRM002,INV0991,2023-08-22,8,80470.0,74596.0,5874.0,2023-08-23,8,539.0,Tena,Rep One,KAA002
CRM060,INV0738,2023-04-29,4,78920.0,75556.0,3364.0,2023-05-01,5,745.0,Donholm2,Rep Two,KAA005
CRM002,INV0265,2023-11-07,11,68500.0,67726.0,774.0,2023-11-08,11,390.0,Tena,Rep One,KAA009
CRM029,INV0151,2023-11-20,11,150850.0,144012.0,6838.0,2023-11-22,11,1091.0,Umoja1,Rep One,KAA001
CRM016,INV0563,2023-06-24,6,188190.0,187384.0,806.0,2023-06-26,6,1484.0,Innercore,Rep One,KAA002
CRM013,INV0474,2023-03-09,3,65880.0,62941.0,2939.0,2023-03-10,3,440.0,Innercore,Rep One,KAA005
CRM076,INV0813,2023-07-05,7,75290.0,68440.0,6850.0,2023-07-06,7,433.0,Tassia2,Rep Three,KAA010
CRM062,INV0145,2023-05-16,5,28070.0,27229.0,841.0,2023-05-16,5,169.0,Tassia1,Rep Three,KAA010
CRM029,INV0955,2023-08-23,8,78470.0,77112.0,1358.0,2023-08-23,8,480.0,Umoja1,Rep One,KAA010
CRM059,INV0859,2023-03-03,3,6360.0,2998.0,3362.0,2023-03-05,3,72.0,Donholm2,Rep Two,KAA004
CRM065,INV0053,2023-09-05,9,45560.0,41798.0,3762.0,2023-09-05,9,412.0,Tassia1,Rep Three,KAA004
CRM062,INV0649,2023-07-23,7,83340.0,78391.0,4949.0,2023-07-24,7,684.0,Tassia1,Rep Three,KAA008
CRM058,INV0137,2023-06-23,6,82470.0,77322.0,5148.0,2023-06-25,6,615.0,Donholm2,Rep Two,KAA010
CRM011,INV0741,2023-11-24,11,188430.0,183553.0,4877.0,2023-11-26,11,1297.0,Innercore,Rep One,KAA005
CRM037,INV0710,2023-08-28,8,138470.0,135043.0,3427.0,2023-08-29,8,1094.0,Umoja2,Rep One,KAA003
CRM025,INV0267,2023-08-09,8,134040.0,132343.0,1697.0,2023-08-09,8,933.0,Umoja1,Rep One,KAA009
CRM009,INV0600,2023-05-29,5,98120.0,98061.0,59.0,2023-05-31,5,724.0,Tena,Rep One,KAA004
CRM077,INV0181,2023-12-31,12,126100.0,123912.0,2188.0,2024-01-02,1,585.0,Tassia2,Rep Three,KAA003
CRM032,INV0249,2023-05-26,5,56580.0,54539.0,2041.0,2023-05-28,5,496.0,Umoja2,Rep One,KAA008
CRM065,INV0364,2023-08-24,8,18200.0,15619.0,2581.0,2023-08-24,8,80.0,Tassia1,Rep Three,KAA006
CRM047,INV0347,2023-01-08,1,147860.0,141005.0,6855.0,2023-01-09,1,1107.0,Donholm1,Rep Two,KAA005
CRM063,INV0719,2023-05-16,5,172200.0,169224.0,2976.0,2023-05-17,5,1180.0,Tassia1,Rep Three,KAA003
CRM045,INV0240,2023-11-23,11,34800.0,27987.0,6813.0,2023-11-25,11,364.0,Donholm1,Rep Two,KAA007
CRM047,INV0037,2023-04-23,4,2120.0,1800.0,320.0,2023-04-23,4,24.0,Donholm1,Rep Two,KAA003
CRM037,INV0099,2023-06-28,6,84210.0,78204.0,6006.0,2023-06-28,6,652.0,Umoja2,Rep One,KAA007
CRM045,INV0640,2023-05-03,5,80930.0,77380.0,3550.0,2023-05-05,5,689.0,Donholm1,Rep Two,KAA007
CRM077,INV0404,2023-02-02,2,141640.0,136610.0,5030.0,2023-02-02,2,1037.0,Tassia2,Rep Three,KAA009
CRM043,INV0250,2023-07-06,7,85630.0,81730.0,3900.0,2023-07-06,7,540.0,Donholm1,Rep Two,KAA008
CRM062,INV0292,2023-02-26,2,137860.0,136264.0,1596.0,2023-02-26,2,937.0,Tassia1,Rep Three,KAA001
CRM024,INV0638,2023-02-15,2,117000.0,115068.0,1932.0,2023-02-17,2,776.0,Umoja1,Rep One,KAA007
CRM043,INV0839,2023-02-14,2,218060.0,214267.0,3793.0,2023-02-14,2,1608.0,Donholm1,Rep Two,KAA002
CRM009,INV0947,2023-12-09,12,69650.0,68533.0,1117.0,2023-12-10,12,398.0,Tena,Rep One,KAA009
CRM062,INV0251,2023-10-07,10,96150.0,90376.0,5774.0,2023-10-09,10,680.0,Tassia1,Rep Three,KAA008
CRM009,INV0132,2023-04-28,4,27200.0,25561.0,1639.0,2023-04-28,4,176.0,Tena,Rep One,KAA009
CRM038,INV0348,2023-10-17,10,168710.0,167708.0,1002.0,2023-10-18,10,1411.0,Umoja2,Rep One,KAA005
CRM056,INV0228,2023-03-30,3,132840.0,131540.0,1300.0,2023-04-01,4,1030.0,Donholm2,Rep Two,KAA007
CRM014,INV0202,2023-10-29,10,54230.0,47442.0,6788.0,2023-10-31,10,516.0,Innercore,Rep One,KAA005
CRM044,INV0083,2023-10-08,10,4140.0,3455.0,685.0,2023-10-08,10,48.0,Donholm1,Rep Two,KAA006
CRM062,INV0017,2023-03-11,3,4140.0,3239.0,901.0,2023-03-12,3,48.0,Tassia1,Rep Three,KAA002
CRM056,INV0309,2023-08-26,8,10350.0,6005.0,4345.0,2023-08-28,8,120.0,Donholm2,Rep Two,KAA002
CRM045,INV0350,2023-01-19,1,153990.0,153151.0,839.0,2023-01-20,1,1251.0,Donholm1,Rep Two,KAA005
CRM001,INV0009,2023-06-28,6,71190.0,67533.0,3657.0,2023-06-29,6,360.0,Tena,Rep One,KAA001
CRM009,INV0578,2023-07-17,7,68420.0,62687.0,5733.0,2023-07-18,7,548.0,Tena,Rep One,KAA002
CRM022,INV0453,2023-09-22,9,80560.0,76816.0,3744.0,2023-09-22,9,576.0,Umoja1,Rep One,KAA003
CRM035,INV0890,2023-12-25,12,28820.0,22087.0,6733.0,2023-12-27,12,336.0,Umoja2,Rep One,KAA005
CRM009,INV0011,2023-10-03,10,95600.0,89245.0,6355.0,2023-10-05,10,872.0,Tena,Rep One,KAA001
CRM048,INV0456,2023-07-01,7,32350.0,31895.0,455.0,2023-07-02,7,248.0,Donholm1,Rep Two,KAA003
CRM020,INV0211,2023-04-01,4,173680.0,172418.0,1262.0,2023-04-01,4,1096.0,Innercore,Rep One,KAA005
CRM031,INV0595,2023-07-09,7,117490.0,117081.0,409.0,2023-07-11,7,824.0,Umoja2,Rep One,KAA004
CRM046,INV0997,2023-08-03,8,131240.0,127481.0,3759.0,2023-08-05,8,724.0,Donholm1,Rep Two,KAA002
CRM070,INV0838,2023-10-31,10,24020.0,21836.0,2184.0,2023-11-01,11,265.0,Tassia1,Rep Three,KAA002
CRM029,INV0529,2023-07-13,7,124650.0,121954.0,2696.0,2023-07-15,7,1048.0,Umoja1,Rep One,KAA009
CRM058,INV0144,2023-11-30,11,108350.0,107342.0,1008.0,2023-12-01,12,784.0,Donholm2,Rep Two,KAA010
CRM058,INV0238,2023-01-31,1,8400.0,4551.0,3849.0,2023-02-01,2,96.0,Donholm2,Rep Two,KAA007
CRM032,INV0538,2023-05-13,5,25500.0,22725.0,2775.0,2023-05-15,5,150.0,Umoja2,Rep One,KAA010
CRM047,INV0594,2023-07-15,7,178700.0,176525.0,2175.0,2023-07-17,7,1315.0,Donholm1,Rep Two,KAA004
CRM005,INV0884,2023-11-05,11,183810.0,183671.0,139.0,2023-11-06,11,1315.0,Tena,Rep One,KAA005
CRM008,INV0604,2023-12-07,12,172870.0,170940.0,1930.0,2023-12-08,12,1150.0,Tena,Rep One,KAA005
CRM046,INV0297,2023-05-21,5,193460.0,191336.0,2124.0,2023-05-22,5,1326.0,Donholm1,Rep Two,KAA002
CRM076,INV0620,2023-04-02,4,154870.0,150342.0,4528.0,2023-04-03,4,1052.0,Tassia2,Rep Three,KAA006
CRM026,INV0049,2023-05-19,5,6000.0,1456.0,4544.0,2023-05-19,5,50.0,Umoja1,Rep One,KAA004
CRM054,INV0241,2023-07-29,7,130120.0,129305.0,815.0,2023-07-29,7,1136.0,Donholm2,Rep Two,KAA007
CRM022,INV0158,2023-05-22,5,6800.0,4871.0,1929.0,2023-05-22,5,44.0,Umoja1,Rep One,KAA001
CRM061,INV0435,2023-01-21,1,166460.0,159594.0,6866.0,2023-01-21,1,1335.0,Tassia1,Rep Three,KAA001
CRM013,INV0491,2023-08-26,8,232680.0,227678.0,5002.0,2023-08-28,8,1683.0,Innercore,Rep One,KAA006
CRM034,INV0320,2023-09-16,9,156920.0,152215.0,4705.0,2023-09-16,9,1226.0,Umoja2,Rep One,KAA003
CRM069,INV0852,2023-02-02,2,12720.0,8984.0,3736.0,2023-02-03,2,144.0,Tassia1,Rep Three,KAA003
CRM035,INV0483,2023-09-01,9,127250.0,123205.0,4045.0,2023-09-01,9,919.0,Umoja2,Rep One,KAA006
CRM022,INV0010,2023-12-08,12,101800.0,100483.0,1317.0,2023-12-10,12,646.0,Umoja1,Rep One,KAA001
CRM079,INV0255,2023-04-16,4,129930.0,126587.0,3343.0,2023-04-17,4,1047.0,Tassia2,Rep Three,KAA008
CRM001,INV0108,2023-04-23,4,43700.0,42668.0,1032.0,2023-04-24,4,330.0,Tena,Rep One,KAA008
CRM063,INV0579,2023-12-15,12,69000.0,66229.0,2771.0,2023-12-17,12,450.0,Tassia1,Rep Three,KAA002
CRM049,INV0631,2023-12-24,12,64700.0,60629.0,4071.0,2023-12-24,12,450.0,Donholm1,Rep Two,KAA006
CRM021,INV0414,2023-12-31,12,108880.0,108219.0,661.0,2024-01-01,1,865.0,Umoja1,Rep One,KAA010
CRM022,INV0014,2023-09-29,9,19550.0,19497.0,53.0,2023-09-29,9,94.0,Umoja1,Rep One,KAA002
CRM008,INV0329,2023-08-02,8,29340.0,24534.0,4806.0,2023-08-03,8,271.0,Tena,Rep One,KAA004
CRM076,INV0065,2023-07-28,7,100230.0,99215.0,1015.0,2023-07-28,7,711.0,Tassia2,Rep Three,KAA005
CRM012,INV0380,2023-07-28,7,87210.0,85750.0,1460.0,2023-07-28,7,899.0,Innercore,Rep One,KAA007
CRM072,INV0068,2023-12-12,12,64830.0,58287.0,6543.0,2023-12-12,12,458.0,Tassia2,Rep Three,KAA005
CRM067,INV0907,2023-09-12,9,64300.0,57364.0,6936.0,2023-09-13,9,512.0,Tassia1,Rep Three,KAA007
CRM052,INV0025,2023-10-20,10,177580.0,174508.0,3072.0,2023-10-22,10,1221.0,Donholm2,Rep Two,KAA002
CRM049,INV0206,2023-10-09,10,110890.0,110566.0,324.0,2023-10-11,10,822.0,Donholm1,Rep Two,KAA005
CRM030,INV0768,2023-01-21,1,99400.0,93784.0,5616.0,2023-01-22,1,912.0,Umoja1,Rep One,KAA007
CRM067,INV0073,2023-12-20,12,199050.0,198540.0,510.0,2023-12-20,12,1341.0,Tassia1,Rep Three,KAA005
CRM051,INV0975,2023-07-09,7,32490.0,27439.0,5051.0,2023-07-11,7,318.0,Donholm2,Rep Two,KAA001
CRM033,INV0553,2023-08-30,8,66600.0,65778.0,822.0,2023-08-31,8,430.0,Umoja2,Rep One,KAA001
CRM053,INV0201,2023-04-27,4,45260.0,41731.0,3529.0,2023-04-28,4,412.0,Donholm2,Rep Two,KAA005
CRM035,INV0345,2023-09-22,9,12000.0,7233.0,4767.0,2023-09-22,9,100.0,Umoja2,Rep One,KAA005
CRM033,INV0606,2023-10-07,10,120840.0,118529.0,2311.0,2023-10-08,10,938.0,Umoja2,Rep One,KAA005
CRM045,INV0517,2023-05-31,5,58800.0,52244.0,6556.0,2023-05-31,5,477.0,Donholm1,Rep Two,KAA008
CRM029,INV0778,2023-10-16,10,10000.0,8248.0,1752.0,2023-10-16,10,40.0,Umoja1,Rep One,KAA008
CRM031,INV0762,2023-07-29,7,43500.0,37011.0,6489.0,2023-07-31,7,236.0,Umoja2,Rep One,KAA007
CRM075,INV0408,2023-04-25,4,194440.0,190773.0,3667.0,2023-04-26,4,1325.0,Tassia2,Rep Three,KAA010
CRM002,INV0289,2023-03-11,3,87320.0,84698.0,2622.0,2023-03-11,3,484.0,Tena,Rep One,KAA001
CRM063,INV0022,2023-08-12,8,162910.0,155944.0,6966.0,2023-08-12,8,1118.0,Tassia1,Rep Three,KAA002
CRM072,INV0074,2023-07-14,7,153480.0,148432.0,5048.0,2023-07-14,7,1175.0,Tassia2,Rep Three,KAA006
CRM038,INV0236,2023-09-22,9,37660.0,32724.0,4936.0,2023-09-23,9,432.0,Umoja2,Rep One,KAA007
CRM063,INV0654,2023-04-15,4,115890.0,112728.0,3162.0,2023-04-15,4,1040.0,Tassia1,Rep Three,KAA008
CRM078,INV0441,2023-04-13,4,76310.0,73745.0,2565.0,2023-04-14,4,584.0,Tassia2,Rep Three,KAA002
CRM076,INV0945,2023-02-01,2,2070.0,2052.0,18.0,2023-02-02,2,24.0,Tassia2,Rep Three,KAA009
CRM041,INV0189,2023-08-07,8,146110.0,140200.0,5910.0,2023-08-09,8,935.0,Donholm1,Rep Two,KAA004
CRM072,INV0810,2023-10-29,10,12000.0,11527.0,473.0,2023-10-30,10,100.0,Tassia2,Rep Three,KAA010
CRM042,INV0787,2023-05-02,5,120700.0,116060.0,4640.0,2023-05-04,5,862.0,Donholm1,Rep Two,KAA009
CRM016,INV0199,2023-05-17,5,141200.0,137352.0,3848.0,2023-05-19,5,850.0,Innercore,Rep One,KAA004
CRM074,INV0107,2023-06-06,6,162440.0,159821.0,2619.0,2023-06-06,6,1324.0,Tassia2,Rep Three,KAA008
CRM004,INV0349,2023-01-02,1,74100.0,68588.0,5512.0,2023-01-04,1,638.0,Tena,Rep One,KAA005
CRM037,INV0116,2023-02-28,2,51130.0,44880.0,6250.0,2023-02-28,2,356.0,Umoja2,Rep One,KAA008
CRM048,INV0468,2023-07-19,7,154240.0,148934.0,5306.0,2023-07-20,7,1135.0,Donholm1,Rep Two,KAA004
CRM010,INV0670,2023-11-09,11,114630.0,110810.0,3820.0,2023-11-09,11,822.0,Tena,Rep One,KAA009
CRM059,INV0842,2023-09-25,9,18000.0,15826.0,2174.0,2023-09-26,9,80.0,Donholm2,Rep Two,KAA003
CRM055,INV0687,2023-10-23,10,160050.0,158563.0,1487.0,2023-10-23,10,1178.0,Donholm2,Rep Two,KAA001
CRM054,INV0970,2023-11-11,11,55700.0,48956.0,6744.0,2023-11-12,11,358.0,Donholm2,Rep Two,KAA001
CRM070,INV0914,2023-04-12,4,168970.0,167954.0,1016.0,2023-04-14,4,1209.0,Tassia1,Rep Three,KAA007
CRM006,INV0214,2023-03-05,3,6300.0,4405.0,1895.0,2023-03-05,3,72.0,Tena,Rep One,KAA005
CRM010,INV0689,2023-09-13,9,55050.0,53069.0,1981.0,2023-09-14,9,408.0,Tena,Rep One,KAA001
CRM079,INV0968,2023-06-23,6,38700.0,36876.0,1824.0,2023-06-25,6,150.0,Tassia2,Rep Three,KAA010
CRM035,INV0964,2023-09-04,9,52890.0,50032.0,2858.0,2023-09-04,9,472.0,Umoja2,Rep One,KAA010
CRM018,INV0402,2023-11-11,11,61300.0,59624.0,1676.0,2023-11-13,11,410.0,Innercore,Rep One,KAA009
CRM066,INV0252,2023-03-30,3,52780.0,48422.0,4358.0,2023-04-01,4,266.0,Tassia1,Rep Three,KAA008
CRM037,INV0207,2023-03-13,3,127030.0,122416.0,4614.0,2023-03-13,3,864.0,Umoja2,Rep One,KAA005
CRM065,INV0728,2023-12-05,12,16400.0,16128.0,272.0,2023-12-07,12,192.0,Tassia1,Rep Three,KAA004
CRM027,INV0678,2023-12-13,12,24670.0,20429.0,4241.0,2023-12-14,12,288.0,Umoja1,Rep One,KAA010
CRM054,INV0715,2023-03-13,3,36400.0,34146.0,2254.0,2023-03-15,3,216.0,Donholm2,Rep Two,KAA003
CRM038,INV0688,2023-10-16,10,169130.0,162806.0,6324.0,2023-10-16,10,1174.0,Umoja2,Rep One,KAA001
CRM036,INV0656,2023-02-21,2,35420.0,32685.0,2735.0,2023-02-22,2,234.0,Umoja2,Rep One,KAA008
CRM015,INV0847,2023-07-12,7,130390.0,123954.0,6436.0,2023-07-14,7,780.0,Innercore,Rep One,KAA003
CRM070,INV0361,2023-07-23,7,100920.0,99047.0,1873.0,2023-07-24,7,614.0,Tassia1,Rep Three,KAA006
CRM033,INV0225,2023-12-28,12,134630.0,132796.0,1834.0,2023-12-28,12,1162.0,Umoja2,Rep One,KAA006
CRM035,INV0092,2023-02-02,2,78150.0,75671.0,2479.0,2023-02-04,2,609.0,Umoja2,Rep One,KAA007
CRM022,INV0770,2023-07-17,7,92510.0,89228.0,3282.0,2023-07-19,7,662.0,Umoja1,Rep One,KAA007
CRM008,INV0644,2023-12-25,12,53910.0,51390.0,2520.0,2023-12-25,12,422.0,Tena,Rep One,KAA008
CRM055,INV0147,2023-07-29,7,76920.0,70438.0,6482.0,2023-07-31,7,594.0,Donholm2,Rep Two,KAA010
CRM043,INV0724,2023-10-05,10,119270.0,113345.0,5925.0,2023-10-05,10,870.0,Donholm1,Rep Two,KAA004
CRM048,INV0159,2023-04-05,4,16400.0,14050.0,2350.0,2023-04-05,4,192.0,Donholm1,Rep Two,KAA001
CRM009,INV0494,2023-04-12,4,128920.0,127145.0,1775.0,2023-04-12,4,1292.0,Tena,Rep One,KAA007
CRM041,INV0220,2023-03-17,3,105020.0,101106.0,3914.0,2023-03-17,3,811.0,Donholm1,Rep Two,KAA006
CRM013,INV0695,2023-01-29,1,200560.0,195760.0,4800.0,2023-01-31,1,1411.0,Innercore,Rep One,KAA002
CRM031,INV0617,2023-06-15,6,76210.0,74448.0,1762.0,2023-06-17,6,778.0,Umoja2,Rep One,KAA005
CRM052,INV0666,2023-07-17,7,25000.0,23355.0,1645.0,2023-07-17,7,266.0,Donholm2,Rep Two,KAA009
CRM068,INV0832,2023-05-27,5,125510.0,120119.0,5391.0,2023-05-29,5,799.0,Tassia1,Rep Three,KAA002
CRM032,INV0572,2023-12-02,12,56020.0,55508.0,512.0,2023-12-03,12,378.0,Umoja2,Rep One,KAA002
CRM040,INV0624,2023-02-23,2,185560.0,184844.0,716.0,2023-02-25,2,1352.0,Umoja2,Rep One,KAA006
CRM038,INV0736,2023-07-07,7,207520.0,201789.0,5731.0,2023-07-08,7,1560.0,Umoja2,Rep One,KAA004
CRM062,INV0826,2023-10-18,10,111140.0,106589.0,4551.0,2023-10-18,10,888.0,Tassia1,Rep Three,KAA002
CRM034,INV0795,2023-10-22,10,47700.0,43520.0,4180.0,2023-10-22,10,240.0,Umoja2,Rep One,KAA009
CRM002,INV0299,2023-01-15,1,48000.0,45384.0,2616.0,2023-01-16,1,400.0,Tena,Rep One,KAA002
CRM038,INV0558,2023-07-17,7,64080.0,63065.0,1015.0,2023-07-18,7,591.0,Umoja2,Rep One,KAA001
CRM004,INV0430,2023-07-15,7,101250.0,97224.0,4026.0,2023-07-17,7,786.0,Tena,Rep One,KAA001
CRM006,INV0322,2023-06-07,6,67300.0,61032.0,6268.0,2023-06-08,6,280.0,Tena,Rep One,KAA003
CRM041,INV0355,2023-04-06,4,168080.0,161200.0,6880.0,2023-04-08,4,1119.0,Donholm1,Rep Two,KAA006
CRM025,INV0821,2023-07-12,7,122770.0,122032.0,738.0,2023-07-12,7,898.0,Umoja1,Rep One,KAA001
CRM068,INV0756,2023-04-25,4,63000.0,60492.0,2508.0,2023-04-25,4,400.0,Tassia1,Rep Three,KAA006
CRM060,INV0582,2023-10-21,10,185520.0,184469.0,1051.0,2023-10-23,10,1387.0,Donholm2,Rep Two,KAA003
CRM075,INV0336,2023-01-13,1,27000.0,22332.0,4668.0,2023-01-15,1,100.0,Tassia2,Rep Three,KAA004
CRM028,INV0828,2023-01-11,1,88610.0,85098.0,3512.0,2023-01-13,1,562.0,Umoja1,Rep One,KAA002
CRM052,INV0154,2023-04-18,4,50350.0,47146.0,3204.0,2023-04-20,4,328.0,Donholm2,Rep Two,KAA001
CRM073,INV0500,2023-10-30,10,59100.0,54064.0,5036.0,2023-11-01,11,435.0,Tassia2,Rep Three,KAA007
CRM024,INV0882,2023-02-28,2,42300.0,38697.0,3603.0,2023-03-02,3,180.0,Umoja1,Rep One,KAA005
CRM047,INV0862,2023-08-23,8,45000.0,42791.0,2209.0,2023-08-24,8,375.0,Donholm1,Rep Two,KAA004
CRM051,INV0325,2023-10-22,10,45050.0,39134.0,5916.0,2023-10-22,10,462.0,Donholm2,Rep Two,KAA003
CRM012,INV0843,2023-08-22,8,28600.0,25092.0,3508.0,2023-08-22,8,248.0,Innercore,Rep One,KAA003
CRM018,INV0243,2023-04-27,4,68500.0,61779.0,6721.0,2023-04-28,4,560.0,Innercore,Rep One,KAA007
CRM001,INV0021,2023-11-16,11,8400.0,3554.0,4846.0,2023-11-16,11,96.0,Tena,Rep One,KAA002
CRM048,INV0061,2023-08-27,8,96960.0,91556.0,5404.0,2023-08-29,8,580.0,Donholm1,Rep Two,KAA005
CRM045,INV0665,2023-06-10,6,126620.0,120333.0,6287.0,2023-06-12,6,1000.0,Donholm1,Rep Two,KAA009
CRM020,INV0403,2023-02-18,2,108900.0,106048.0,2852.0,2023-02-19,2,910.0,Innercore,Rep One,KAA009
CRM078,INV0751,2023-10-04,10,82900.0,81116.0,1784.0,2023-10-05,10,715.0,Tassia2,Rep Three,KAA006
CRM019,INV0235,2023-08-28,8,85700.0,83566.0,2134.0,2023-08-29,8,562.0,Innercore,Rep One,KAA007
CRM064,INV0581,2023-11-22,11,132500.0,130084.0,2416.0,2023-11-22,11,840.0,Tassia1,Rep Three,KAA003
CRM078,INV0178,2023-12-14,12,116850.0,115575.0,1275.0,2023-12-14,12,718.0,Tassia2,Rep Three,KAA003
CRM068,INV0557,2023-06-20,6,60630.0,57263.0,3367.0,2023-06-20,6,481.0,Tassia1,Rep Three,KAA001
CRM014,INV0391,2023-02-20,2,191660.0,188072.0,3588.0,2023-02-22,2,1324.0,Innercore,Rep One,KAA008
CRM002,INV0528,2023-08-05,8,76240.0,71514.0,4726.0,2023-08-07,8,588.0,Tena,Rep One,KAA009
CRM053,INV0258,2023-07-27,7,66940.0,63545.0,3395.0,2023-07-29,7,502.0,Donholm2,Rep Two,KAA009
CRM062,INV0244,2023-05-15,5,233360.0,230709.0,2651.0,2023-05-15,5,1690.0,Tassia1,Rep Three,KAA008
CRM070,INV0831,2023-04-15,4,69300.0,66109.0,3191.0,2023-04-16,4,490.0,Tassia1,Rep Three,KAA002
CRM047,INV0341,2023-05-14,5,110020.0,109040.0,980.0,2023-05-16,5,874.0,Donholm1,Rep Two,KAA004
CRM035,INV0156,2023-03-02,3,51250.0,47193.0,4057.0,2023-03-04,3,384.0,Umoja2,Rep One,KAA001
CRM045,INV0548,2023-04-12,4,187080.0,180134.0,6946.0,2023-04-12,4,1322.0,Donholm1,Rep Two,KAA001
CRM075,INV0033,2023-11-26,11,8330.0,3194.0,5136.0,2023-11-28,11,96.0,Tassia2,Rep Three,KAA003
CRM064,INV0007,2023-12-07,12,103300.0,99692.0,3608.0,2023-12-09,12,545.0,Tassia1,Rep Three,KAA001
CRM049,INV0176,2023-06-01,6,24500.0,19093.0,5407.0,2023-06-03,6,222.0,Donholm1,Rep Two,KAA003
CRM035,INV0915,2023-03-26,3,53400.0,52695.0,705.0,2023-03-27,3,412.0,Umoja2,Rep One,KAA007
CRM061,INV0458,2023-02-12,2,31950.0,29298.0,2652.0,2023-02-14,2,276.0,Tassia1,Rep Three,KAA003
CRM061,INV0459,2023-08-07,8,12660.0,9459.0,3201.0,2023-08-08,8,144.0,Tassia1,Rep Three,KAA003
CRM030,INV0075,2023-12-12,12,20500.0,16381.0,4119.0,2023-12-13,12,240.0,Umoja1,Rep One,KAA006
CRM046,INV0532,2023-06-12,6,170170.0,164354.0,5816.0,2023-06-13,6,1263.0,Donholm1,Rep Two,KAA010
CRM002,INV0323,2023-12-19,12,98090.0,97554.0,536.0,2023-12-21,12,925.0,Tena,Rep One,KAA003
CRM042,INV0039,2023-10-25,10,61460.0,55249.0,6211.0,2023-10-27,10,414.0,Donholm1,Rep Two,KAA003
CRM003,INV0556,2023-09-23,9,128750.0,125280.0,3470.0,2023-09-24,9,746.0,Tena,Rep One,KAA001
CRM079,INV0513,2023-12-24,12,48000.0,42433.0,5567.0,2023-12-26,12,400.0,Tassia2,Rep Three,KAA008
CRM064,INV0047,2023-03-12,3,30200.0,23697.0,6503.0,2023-03-14,3,228.0,Tassia1,Rep Three,KAA004
CRM063,INV0657,2023-10-08,10,144720.0,139560.0,5160.0,2023-10-09,10,1017.0,Tassia1,Rep Three,KAA009
CRM034,INV0983,2023-06-09,6,138520.0,137580.0,940.0,2023-06-11,6,979.0,Umoja2,Rep One,KAA001
CRM074,INV0123,2023-02-10,2,50840.0,46423.0,4417.0,2023-02-12,2,328.0,Tassia2,Rep Three,KAA009
CRM070,INV0001,2023-06-02,6,133210.0,129204.0,4006.0,2023-06-02,6,1137.0,Tassia1,Rep Three,KAA001
CRM077,INV0279,2023-03-17,3,131520.0,128945.0,2575.0,2023-03-18,3,1039.0,Tassia2,Rep Three,KAA010
CRM048,INV0747,2023-07-03,7,95470.0,89011.0,6459.0,2023-07-03,7,698.0,Donholm1,Rep Two,KAA005
CRM041,INV0954,2023-12-26,12,125100.0,124957.0,143.0,2023-12-26,12,992.0,Donholm1,Rep Two,KAA010
CRM070,INV0385,2023-04-24,4,137370.0,136558.0,812.0,2023-04-24,4,967.0,Tassia1,Rep Three,KAA008
CRM046,INV0230,2023-04-18,4,108560.0,106993.0,1567.0,2023-04-18,4,693.0,Donholm1,Rep Two,KAA007
CRM073,INV0899,2023-06-23,6,108550.0,106325.0,2225.0,2023-06-23,6,835.0,Tassia2,Rep Three,KAA006
CRM013,INV0085,2023-03-16,3,154950.0,148611.0,6339.0,2023-03-16,3,1153.0,Innercore,Rep One,KAA006
CRM004,INV0425,2023-10-11,10,4700.0,1234.0,3466.0,2023-10-12,10,20.0,Tena,Rep One,KAA001
CRM069,INV0752,2023-05-01,5,78760.0,77293.0,1467.0,2023-05-03,5,546.0,Tassia1,Rep Three,KAA006
CRM064,INV0675,2023-07-24,7,195520.0,191068.0,4452.0,2023-07-24,7,1436.0,Tassia1,Rep Three,KAA010
CRM062,INV0245,2023-04-09,4,121260.0,121118.0,142.0,2023-04-10,4,963.0,Tassia1,Rep Three,KAA008
CRM017,INV0800,2023-12-14,12,73150.0,71426.0,1724.0,2023-12-16,12,710.0,Innercore,Rep One,KAA010
CRM073,INV0335,2023-06-28,6,34500.0,28969.0,5531.0,2023-06-29,6,130.0,Tassia2,Rep Three,KAA004
CRM030,INV0706,2023-12-31,12,116630.0,111162.0,5468.0,2024-01-02,1,891.0,Umoja1,Rep One,KAA002
CRM039,INV0699,2023-10-31,10,111720.0,110165.0,1555.0,2023-10-31,10,780.0,Umoja2,Rep One,KAA002
CRM025,INV0086,2023-09-26,9,54420.0,49702.0,4718.0,2023-09-28,9,439.0,Umoja1,Rep One,KAA006
CRM074,INV0102,2023-09-05,9,33700.0,31685.0,2015.0,2023-09-07,9,333.0,Tassia2,Rep Three,KAA007
CRM073,INV0503,2023-06-28,6,167370.0,160442.0,6928.0,2023-06-28,6,1037.0,Tassia2,Rep Three,KAA007
CRM056,INV0362,2023-01-18,1,113600.0,110950.0,2650.0,2023-01-18,1,873.0,Donholm2,Rep Two,KAA006
CRM078,INV0512,2023-11-23,11,98860.0,97796.0,1064.0,2023-11-24,11,560.0,Tassia2,Rep Three,KAA008
CRM007,INV0829,2023-02-24,2,60000.0,55102.0,4898.0,2023-02-26,2,500.0,Tena,Rep One,KAA002
CRM068,INV0118,2023-10-30,10,49380.0,46380.0,3000.0,2023-10-31,10,445.0,Tassia1,Rep Three,KAA008
CRM007,INV0546,2023-09-09,9,83730.0,83133.0,597.0,2023-09-09,9,588.0,Tena,Rep One,KAA001
CRM036,INV0273,2023-02-21,2,91620.0,90941.0,679.0,2023-02-22,2,694.0,Umoja2,Rep One,KAA010
CRM054,INV0437,2023-02-06,2,97940.0,96191.0,1749.0,2023-02-07,2,664.0,Donholm2,Rep Two,KAA002
CRM009,INV0953,2023-05-19,5,58200.0,56256.0,1944.0,2023-05-21,5,428.0,Tena,Rep One,KAA009
CRM037,INV0906,2023-08-08,8,14490.0,14097.0,393.0,2023-08-09,8,168.0,Umoja2,Rep One,KAA006
CRM056,INV0543,2023-04-08,4,35300.0,31942.0,3358.0,2023-04-09,4,262.0,Donholm2,Rep Two,KAA010
CRM057,INV0082,2023-08-21,8,37220.0,34343.0,2877.0,2023-08-23,8,164.0,Donholm2,Rep Two,KAA006
CRM006,INV0044,2023-05-15,5,64270.0,59018.0,5252.0,2023-05-17,5,512.0,Tena,Rep One,KAA003
CRM012,INV0215,2023-08-21,8,160070.0,155138.0,4932.0,2023-08-23,8,1121.0,Innercore,Rep One,KAA006
CRM039,INV0777,2023-01-14,1,111600.0,104933.0,6667.0,2023-01-16,1,810.0,Umoja2,Rep One,KAA008
CRM052,INV0472,2023-09-07,9,156510.0,152887.0,3623.0,2023-09-08,9,1095.0,Donholm2,Rep Two,KAA005
CRM077,INV0910,2023-03-07,3,23500.0,18014.0,5486.0,2023-03-09,3,100.0,Tassia2,Rep Three,KAA007
CRM079,INV0660,2023-05-25,5,71700.0,70167.0,1533.0,2023-05-26,5,503.0,Tassia2,Rep Three,KAA009
CRM010,INV0205,2023-08-02,8,83780.0,78546.0,5234.0,2023-08-02,8,482.0,Tena,Rep One,KAA005
CRM039,INV0371,2023-07-31,7,161660.0,154984.0,6676.0,2023-07-31,7,1195.0,Umoja2,Rep One,KAA007
CRM069,INV0989,2023-09-18,9,108190.0,106317.0,1873.0,2023-09-19,9,652.0,Tassia1,Rep Three,KAA002
CRM060,INV0793,2023-06-03,6,10240.0,7479.0,2761.0,2023-06-03,6,98.0,Donholm2,Rep Two,KAA009
CRM077,INV0224,2023-05-31,5,161530.0,154614.0,6916.0,2023-06-01,6,1102.0,Tassia2,Rep Three,KAA006
CRM074,INV0844,2023-05-30,5,105090.0,98307.0,6783.0,2023-06-01,6,769.0,Tassia2,Rep Three,KAA003
CRM021,INV0467,2023-08-10,8,43020.0,42747.0,273.0,2023-08-12,8,274.0,Umoja1,Rep One,KAA004
CRM036,INV0006,2023-12-25,12,70050.0,67285.0,2765.0,2023-12-27,12,504.0,Umoja2,Rep One,KAA001
CRM075,INV0180,2023-12-31,12,100450.0,93615.0,6835.0,2024-01-02,1,906.0,Tassia2,Rep Three,KAA003
CRM009,INV0353,2023-10-21,10,33920.0,33260.0,660.0,2023-10-23,10,249.0,Tena,Rep One,KAA005
CRM055,INV0583,2023-09-15,9,38700.0,37837.0,863.0,2023-09-16,9,320.0,Donholm2,Rep Two,KAA003
CRM068,INV0469,2023-12-10,12,135110.0,129262.0,5848.0,2023-12-10,12,1014.0,Tassia1,Rep Three,KAA004
CRM011,INV0312,2023-12-24,12,63000.0,59963.0,3037.0,2023-12-26,12,340.0,Innercore,Rep One,KAA003
CRM072,INV0792,2023-05-03,5,156190.0,155237.0,953.0,2023-05-03,5,1219.0,Tassia2,Rep Three,KAA009
CRM062,INV0767,2023-03-31,3,142700.0,139242.0,3458.0,2023-04-02,4,947.0,Tassia1,Rep Three,KAA007
CRM013,INV0188,2023-05-31,5,151560.0,144616.0,6944.0,2023-05-31,5,918.0,Innercore,Rep One,KAA004
CRM013,INV0046,2023-08-25,8,213670.0,210616.0,3054.0,2023-08-25,8,1456.0,Innercore,Rep One,KAA003
CRM033,INV0928,2023-02-27,2,147130.0,141362.0,5768.0,2023-02-27,2,1125.0,Umoja2,Rep One,KAA008
CRM018,INV0210,2023-03-01,3,87410.0,85661.0,1749.0,2023-03-01,3,763.0,Innercore,Rep One,KAA005
CRM059,INV0840,2023-07-20,7,154000.0,151907.0,2093.0,2023-07-21,7,925.0,Donholm2,Rep Two,KAA002
CRM041,INV0737,2023-08-23,8,201310.0,200590.0,720.0,2023-08-24,8,1522.0,Donholm1,Rep Two,KAA005
CRM060,INV0674,2023-08-28,8,61340.0,60168.0,1172.0,2023-08-28,8,383.0,Donholm2,Rep Two,KAA010
CRM043,INV0992,2023-07-02,7,49460.0,47011.0,2449.0,2023-07-04,7,332.0,Donholm1,Rep Two,KAA002
CRM071,INV0837,2023-07-07,7,46600.0,44036.0,2564.0,2023-07-09,7,228.0,Tassia2,Rep Three,KAA002
CRM020,INV0290,2023-08-21,8,208550.0,204023.0,4527.0,2023-08-21,8,1537.0,Innercore,Rep One,KAA001
CRM036,INV0686,2023-11-28,11,75540.0,72558.0,2982.0,2023-11-30,11,568.0,Umoja2,Rep One,KAA001
CRM045,INV0521,2023-02-27,2,94750.0,93983.0,767.0,2023-03-01,3,572.0,Donholm1,Rep Two,KAA009
CRM048,INV0634,2023-04-12,4,156200.0,152566.0,3634.0,2023-04-12,4,930.0,Donholm1,Rep Two,KAA007
CRM057,INV0901,2023-12-17,12,96400.0,94367.0,2033.0,2023-12-19,12,616.0,Donholm2,Rep Two,KAA006
CRM036,INV0368,2023-08-10,8,109400.0,107564.0,1836.0,2023-08-10,8,570.0,Umoja2,Rep One,KAA006
CRM003,INV0326,2023-06-17,6,194050.0,188849.0,5201.0,2023-06-17,6,1390.0,Tena,Rep One,KAA004
CRM007,INV0658,2023-08-24,8,111460.0,111275.0,185.0,2023-08-24,8,814.0,Tena,Rep One,KAA009
CRM057,INV0545,2023-04-16,4,31850.0,27526.0,4324.0,2023-04-16,4,238.0,Donholm2,Rep Two,KAA010
CRM017,INV0811,2023-01-31,1,129720.0,124076.0,5644.0,2023-02-02,2,938.0,Innercore,Rep One,KAA010
CRM007,INV0802,2023-07-12,7,122110.0,118348.0,3762.0,2023-07-14,7,996.0,Tena,Rep One,KAA010
CRM079,INV0883,2023-10-29,10,128240.0,125381.0,2859.0,2023-10-30,10,911.0,Tassia2,Rep Three,KAA005
CRM044,INV0308,2023-02-10,2,164780.0,162631.0,2149.0,2023-02-11,2,1218.0,Donholm1,Rep Two,KAA002
CRM007,INV0808,2023-06-02,6,147090.0,146165.0,925.0,2023-06-03,6,918.0,Tena,Rep One,KAA010
CRM051,INV0423,2023-01-01,1,185300.0,185207.0,93.0,2023-01-01,1,1288.0,Donholm2,Rep Two,KAA001
CRM043,INV0332,2023-02-05,2,50400.0,46636.0,3764.0,2023-02-06,2,210.0,Donholm1,Rep Two,KAA004
CRM054,INV0318,2023-01-23,1,75720.0,73593.0,2127.0,2023-01-25,1,669.0,Donholm2,Rep Two,KAA003
CRM047,INV0818,2023-12-05,12,57600.0,54092.0,3508.0,2023-12-07,12,398.0,Donholm1,Rep Two,KAA001
CRM070,INV0592,2023-06-30,6,186850.0,186132.0,718.0,2023-06-30,6,1153.0,Tassia1,Rep Three,KAA003
CRM007,INV0925,2023-02-03,2,119870.0,118596.0,1274.0,2023-02-05,2,774.0,Tena,Rep One,KAA008
CRM038,INV0029,2023-07-27,7,21210.0,19056.0,2154.0,2023-07-29,7,197.0,Umoja2,Rep One,KAA003
CRM052,INV0785,2023-02-14,2,184600.0,178594.0,6006.0,2023-02-16,2,1276.0,Donholm2,Rep Two,KAA009
CRM013,INV0460,2023-07-06,7,55520.0,53756.0,1764.0,2023-07-07,7,414.0,Innercore,Rep One,KAA003
CRM040,INV0743,2023-02-07,2,107680.0,102307.0,5373.0,2023-02-07,2,718.0,Umoja2,Rep One,KAA005
CRM027,INV0999,2023-05-10,5,140560.0,139051.0,1509.0,2023-05-10,5,1033.0,Umoja1,Rep One,KAA003
CRM042,INV0502,2023-09-15,9,132570.0,125751.0,6819.0,2023-09-15,9,674.0,Donholm1,Rep Two,KAA007
CRM040,INV0242,2023-06-23,6,48200.0,43678.0,4522.0,2023-06-25,6,552.0,Umoja2,Rep One,KAA007
CRM010,INV0300,2023-07-01,7,167270.0,162825.0,4445.0,2023-07-03,7,1235.0,Tena,Rep One,KAA002
CRM003,INV0775,2023-05-09,5,173830.0,168661.0,5169.0,2023-05-10,5,1348.0,Tena,Rep One,KAA008
CRM003,INV0140,2023-11-17,11,159180.0,158471.0,709.0,2023-11-19,11,1134.0,Tena,Rep One,KAA010
CRM031,INV0101,2023-02-02,2,7500.0,1234.0,6266.0,2023-02-04,2,30.0,Umoja2,Rep One,KAA007
CRM002,INV0233,2023-11-03,11,61700.0,61631.0,69.0,2023-11-03,11,330.0,Tena,Rep One,KAA007
CRM041,INV0093,2023-09-11,9,133290.0,132980.0,310.0,2023-09-11,9,918.0,Donholm1,Rep Two,KAA007
CRM015,INV0100,2023-01-21,1,74700.0,68722.0,5978.0,2023-01-22,1,476.0,Innercore,Rep One,KAA007
CRM001,INV0943,2023-03-30,3,30910.0,29787.0,1123.0,2023-04-01,4,360.0,Tena,Rep One,KAA009
CRM072,INV0381,2023-01-22,1,121490.0,115051.0,6439.0,2023-01-23,1,988.0,Tassia2,Rep Three,KAA007
CRM012,INV0693,2023-09-10,9,133610.0,127461.0,6149.0,2023-09-10,9,821.0,Innercore,Rep One,KAA001
CRM003,INV0969,2023-05-12,5,75700.0,72338.0,3362.0,2023-05-13,5,554.0,Tena,Rep One,KAA010
CRM035,INV0026,2023-02-08,2,89350.0,82630.0,6720.0,2023-02-10,2,618.0,Umoja2,Rep One,KAA002
CRM050,INV0753,2023-04-07,4,123690.0,118376.0,5314.0,2023-04-09,4,909.0,Donholm1,Rep Two,KAA006
CRM059,INV0113,2023-10-09,10,88750.0,84965.0,3785.0,2023-10-11,10,741.0,Donholm2,Rep Two,KAA008
CRM025,INV0668,2023-06-07,6,150490.0,148692.0,1798.0,2023-06-07,6,1023.0,Umoja1,Rep One,KAA009
CRM065,INV0585,2023-08-04,8,53720.0,52379.0,1341.0,2023-08-06,8,471.0,Tassia1,Rep Three,KAA003
CRM033,INV0574,2023-04-20,4,24750.0,21130.0,3620.0,2023-04-22,4,288.0,Umoja2,Rep One,KAA002
CRM010,INV0776,2023-08-15,8,155600.0,154819.0,781.0,2023-08-17,8,1151.0,Tena,Rep One,KAA008
CRM051,INV0539,2023-05-29,5,18400.0,17607.0,793.0,2023-05-31,5,136.0,Donholm2,Rep Two,KAA010
CRM049,INV0542,2023-04-02,4,62220.0,57336.0,4884.0,2023-04-03,4,530.0,Donholm1,Rep Two,KAA010
CRM007,INV0121,2023-08-24,8,173210.0,172238.0,972.0,2023-08-24,8,1080.0,Tena,Rep One,KAA009
CRM018,INV0938,2023-05-06,5,174370.0,169628.0,4742.0,2023-05-08,5,1073.0,Innercore,Rep One,KAA009
CRM026,INV0700,2023-09-30,9,18150.0,14540.0,3610.0,2023-10-01,10,172.0,Umoja1,Rep One,KAA002
CRM030,INV0607,2023-09-02,9,195590.0,190978.0,4612.0,2023-09-03,9,1396.0,Umoja1,Rep One,KAA005
CRM067,INV0407,2023-10-13,10,188990.0,187093.0,1897.0,2023-10-13,10,1371.0,Tassia1,Rep Three,KAA009
CRM073,INV0342,2023-03-22,3,61320.0,58075.0,3245.0,2023-03-23,3,448.0,Tassia2,Rep Three,KAA004
CRM053,INV0602,2023-05-11,5,42600.0,36561.0,6039.0,2023-05-13,5,264.0,Donholm2,Rep Two,KAA004
CRM060,INV0477,2023-04-19,4,139920.0,136420.0,3500.0,2023-04-20,4,994.0,Donholm2,Rep Two,KAA005
CRM002,INV0375,2023-03-25,3,63400.0,62826.0,574.0,2023-03-26,3,569.0,Tena,Rep One,KAA007
CRM053,INV0008,2023-10-24,10,142450.0,137890.0,4560.0,2023-10-25,10,1039.0,Donholm2,Rep Two,KAA001
CRM026,INV0111,2023-12-24,12,2700.0,1327.0,1373.0,2023-12-25,12,10.0,Umoja1,Rep One,KAA008
CRM004,INV0814,2023-07-18,7,127460.0,124750.0,2710.0,2023-07-18,7,934.0,Tena,Rep One,KAA001
CRM007,INV0729,2023-02-06,2,66330.0,59587.0,6743.0,2023-02-06,2,416.0,Tena,Rep One,KAA004
CRM065,INV0676,2023-04-17,4,188190.0,185845.0,2345.0,2023-04-17,4,1376.0,Tassia1,Rep Three,KAA010
CRM022,INV0122,2023-01-30,1,110220.0,103502.0,6718.0,2023-02-01,2,962.0,Umoja1,Rep One,KAA009
CRM056,INV0042,2023-07-13,7,108670.0,105523.0,3147.0,2023-07-13,7,831.0,Donholm2,Rep Two,KAA003
CRM007,INV0434,2023-01-11,1,165160.0,159759.0,5401.0,2023-01-12,1,1284.0,Tena,Rep One,KAA001
CRM030,INV0937,2023-10-03,10,179150.0,174944.0,4206.0,2023-10-05,10,1200.0,Umoja1,Rep One,KAA008
CRM027,INV0534,2023-10-09,10,64590.0,58975.0,5615.0,2023-10-09,10,479.0,Umoja1,Rep One,KAA010
CRM038,INV0257,2023-11-28,11,140100.0,135050.0,5050.0,2023-11-29,11,1117.0,Umoja2,Rep One,KAA009
CRM060,INV0773,2023-09-26,9,27000.0,23158.0,3842.0,2023-09-26,9,155.0,Donholm2,Rep Two,KAA007
CRM040,INV0498,2023-12-17,12,66760.0,66250.0,510.0,2023-12-18,12,667.0,Umoja2,Rep One,KAA007
CRM010,INV0384,2023-05-29,5,206430.0,203212.0,3218.0,2023-05-31,5,1501.0,Tena,Rep One,KAA007
CRM001,INV0285,2023-09-29,9,185540.0,185336.0,204.0,2023-10-01,10,1285.0,Tena,Rep One,KAA001
CRM076,INV0803,2023-01-18,1,2070.0,560.0,1510.0,2023-01-18,1,24.0,Tassia2,Rep Three,KAA010
CRM076,INV0015,2023-07-04,7,34050.0,31949.0,2101.0,2023-07-05,7,224.0,Tassia2,Rep Three,KAA002
CRM028,INV0980,2023-10-08,10,178810.0,178657.0,153.0,2023-10-10,10,1236.0,Umoja1,Rep One,KAA001
CRM012,INV0311,2023-12-27,12,91860.0,85321.0,6539.0,2023-12-27,12,761.0,Innercore,Rep One,KAA003
CRM078,INV0933,2023-03-23,3,115500.0,113472.0,2028.0,2023-03-25,3,583.0,Tassia2,Rep Three,KAA008
CRM041,INV0193,2023-12-04,12,31240.0,27192.0,4048.0,2023-12-06,12,168.0,Donholm1,Rep Two,KAA004
CRM068,INV0856,2023-08-21,8,12420.0,10424.0,1996.0,2023-08-22,8,144.0,Tassia1,Rep Three,KAA003
CRM042,INV0663,2023-04-23,4,48300.0,47120.0,1180.0,2023-04-25,4,444.0,Donholm1,Rep Two,KAA009
CRM014,INV0522,2023-07-08,7,20780.0,17100.0,3680.0,2023-07-10,7,240.0,Innercore,Rep One,KAA009
CRM061,INV0354,2023-12-17,12,16960.0,14646.0,2314.0,2023-12-18,12,192.0,Tassia1,Rep Three,KAA006
CRM009,INV0661,2023-09-18,9,57210.0,54876.0,2334.0,2023-09-18,9,376.0,Tena,Rep One,KAA009
CRM075,INV0973,2023-07-11,7,24680.0,22293.0,2387.0,2023-07-13,7,156.0,Tassia2,Rep Three,KAA001
CRM051,INV0486,2023-05-30,5,21200.0,17184.0,4016.0,2023-05-31,5,240.0,Donholm2,Rep Two,KAA006
CRM047,INV0536,2023-08-07,8,105350.0,101131.0,4219.0,2023-08-08,8,766.0,Donholm1,Rep Two,KAA010
CRM020,INV0043,2023-02-11,2,16200.0,13891.0,2309.0,2023-02-13,2,60.0,Innercore,Rep One,KAA003
CRM057,INV0136,2023-05-18,5,177360.0,173069.0,4291.0,2023-05-18,5,1364.0,Donholm2,Rep Two,KAA010
CRM042,INV0281,2023-05-25,5,151450.0,146693.0,4757.0,2023-05-27,5,1112.0,Donholm1,Rep Two,KAA010
CRM028,INV0051,2023-12-09,12,114250.0,109005.0,5245.0,2023-12-09,12,1061.0,Umoja1,Rep One,KAA004
CRM066,INV0190,2023-07-21,7,154210.0,148453.0,5757.0,2023-07-22,7,1060.0,Tassia1,Rep Three,KAA004
CRM010,INV0632,2023-04-12,4,134120.0,127572.0,6548.0,2023-04-13,4,1225.0,Tena,Rep One,KAA007
CRM013,INV0863,2023-11-01,11,32070.0,25082.0,6988.0,2023-11-02,11,274.0,Innercore,Rep One,KAA004
CRM063,INV0605,2023-10-12,10,18570.0,18322.0,248.0,2023-10-13,10,129.0,Tassia1,Rep Three,KAA005
CRM072,INV0276,2023-11-05,11,24550.0,19013.0,5537.0,2023-11-07,11,114.0,Tassia2,Rep Three,KAA010
CRM066,INV0799,2023-11-04,11,40500.0,37000.0,3500.0,2023-11-05,11,180.0,Tassia1,Rep Three,KAA010
CRM072,INV0367,2023-09-24,9,30900.0,26557.0,4343.0,2023-09-25,9,338.0,Tassia2,Rep Three,KAA006
CRM073,INV0564,2023-09-03,9,160250.0,154164.0,6086.0,2023-09-04,9,1250.0,Tassia2,Rep Three,KAA002
CRM076,INV0357,2023-10-10,10,98400.0,98255.0,145.0,2023-10-10,10,654.0,Tassia2,Rep Three,KAA006
CRM033,INV0504,2023-06-13,6,99720.0,96422.0,3298.0,2023-06-14,6,707.0,Umoja2,Rep One,KAA007
CRM015,INV0094,2023-04-11,4,156820.0,153655.0,3165.0,2023-04-13,4,1116.0,Innercore,Rep One,KAA007
CRM059,INV0869,2023-03-29,3,196840.0,194496.0,2344.0,2023-03-31,3,1437.0,Donholm2,Rep Two,KAA004
CRM067,INV0090,2023-01-29,1,177430.0,171687.0,5743.0,2023-01-31,1,1328.0,Tassia1,Rep Three,KAA006
CRM033,INV0934,2023-12-29,12,34520.0,28782.0,5738.0,2023-12-31,12,298.0,Umoja2,Rep One,KAA008
CRM013,INV0611,2023-12-26,12,100700.0,99077.0,1623.0,2023-12-28,12,643.0,Innercore,Rep One,KAA005
CRM049,INV0034,2023-07-13,7,34650.0,28475.0,6175.0,2023-07-14,7,272.0,Donholm1,Rep Two,KAA003
CRM052,INV0569,2023-01-29,1,43870.0,42958.0,912.0,2023-01-30,1,232.0,Donholm2,Rep Two,KAA002
CRM063,INV0735,2023-10-08,10,26700.0,23148.0,3552.0,2023-10-09,10,152.0,Tassia1,Rep Three,KAA004
CRM032,INV0418,2023-09-20,9,66000.0,60861.0,5139.0,2023-09-21,9,550.0,Umoja2,Rep One,KAA010
CRM077,INV0779,2023-07-26,7,90470.0,85983.0,4487.0,2023-07-26,7,660.0,Tassia2,Rep Three,KAA008
CRM067,INV0722,2023-08-18,8,49850.0,47602.0,2248.0,2023-08-19,8,402.0,Tassia1,Rep Three,KAA003
CRM022,INV0919,2023-06-11,6,82070.0,75640.0,6430.0,2023-06-13,6,587.0,Umoja1,Rep One,KAA007
CRM050,INV0750,2023-05-19,5,145180.0,140916.0,4264.0,2023-05-19,5,1076.0,Donholm1,Rep Two,KAA006
CRM004,INV0655,2023-12-19,12,9000.0,5278.0,3722.0,2023-12-19,12,75.0,Tena,Rep One,KAA008
CRM016,INV0428,2023-04-04,4,106200.0,101497.0,4703.0,2023-04-06,4,876.0,Innercore,Rep One,KAA001
CRM041,INV0766,2023-03-28,3,39650.0,37545.0,2105.0,2023-03-29,3,184.0,Donholm1,Rep Two,KAA007
CRM006,INV0827,2023-02-16,2,97620.0,93580.0,4040.0,2023-02-17,2,688.0,Tena,Rep One,KAA002
CRM008,INV0732,2023-09-04,9,121430.0,114705.0,6725.0,2023-09-06,9,1124.0,Tena,Rep One,KAA004
CRM070,INV0745,2023-04-06,4,144980.0,138964.0,6016.0,2023-04-06,4,1144.0,Tassia1,Rep Three,KAA005
CRM017,INV0690,2023-01-25,1,91400.0,89430.0,1970.0,2023-01-26,1,817.0,Innercore,Rep One,KAA001
CRM036,INV0138,2023-06-22,6,64860.0,63858.0,1002.0,2023-06-24,6,372.0,Umoja2,Rep One,KAA010
CRM070,INV0466,2023-01-05,1,95340.0,95065.0,275.0,2023-01-06,1,707.0,Tassia1,Rep Three,KAA004
CRM019,INV0692,2023-05-31,5,124700.0,119914.0,4786.0,2023-06-01,6,1028.0,Innercore,Rep One,KAA001
CRM043,INV0114,2023-01-20,1,37250.0,33182.0,4068.0,2023-01-20,1,310.0,Donholm1,Rep Two,KAA008
CRM029,INV0950,2023-07-18,7,151820.0,149926.0,1894.0,2023-07-19,7,1027.0,Umoja1,Rep One,KAA009
CRM008,INV0841,2023-01-04,1,183590.0,176792.0,6798.0,2023-01-05,1,1323.0,Tena,Rep One,KAA003
CRM062,INV0013,2023-05-17,5,60250.0,57538.0,2712.0,2023-05-19,5,494.0,Tassia1,Rep Three,KAA002
CRM021,INV0432,2023-11-02,11,44310.0,38717.0,5593.0,2023-11-04,11,417.0,Umoja1,Rep One,KAA001
CRM063,INV0389,2023-04-15,4,114220.0,110741.0,3479.0,2023-04-16,4,614.0,Tassia1,Rep Three,KAA008
CRM054,INV0645,2023-07-21,7,146840.0,143962.0,2878.0,2023-07-22,7,1170.0,Donholm2,Rep Two,KAA008
CRM054,INV0897,2023-06-29,6,45000.0,38037.0,6963.0,2023-06-30,6,235.0,Donholm2,Rep Two,KAA006
CRM025,INV0168,2023-03-26,3,95220.0,90192.0,5028.0,2023-03-28,3,662.0,Umoja1,Rep One,KAA002
CRM055,INV0926,2023-10-18,10,108490.0,107673.0,817.0,2023-10-18,10,776.0,Donholm2,Rep Two,KAA008
CRM051,INV0356,2023-11-16,11,130220.0,123513.0,6707.0,2023-11-17,11,920.0,Donholm2,Rep Two,KAA006
CRM025,INV0231,2023-08-06,8,134030.0,130737.0,3293.0,2023-08-07,8,1000.0,Umoja1,Rep One,KAA007
CRM061,INV0351,2023-11-06,11,168980.0,162245.0,6735.0,2023-11-06,11,1118.0,Tassia1,Rep Three,KAA005
CRM075,INV0615,2023-06-22,6,137930.0,132235.0,5695.0,2023-06-22,6,906.0,Tassia2,Rep Three,KAA005
CRM033,INV0288,2023-01-11,1,107800.0,101823.0,5977.0,2023-01-12,1,708.0,Umoja2,Rep One,KAA001
CRM040,INV0568,2023-03-10,3,134240.0,128615.0,5625.0,2023-03-12,3,738.0,Umoja2,Rep One,KAA002
CRM015,INV0317,2023-07-29,7,66700.0,66280.0,420.0,2023-07-31,7,270.0,Innercore,Rep One,KAA003
CRM057,INV0848,2023-08-21,8,26700.0,22961.0,3739.0,2023-08-22,8,261.0,Donholm2,Rep Two,KAA003
CRM054,INV0067,2023-08-13,8,96000.0,91834.0,4166.0,2023-08-13,8,603.0,Donholm2,Rep Two,KAA005
CRM079,INV0806,2023-07-14,7,123710.0,117793.0,5917.0,2023-07-14,7,959.0,Tassia2,Rep Three,KAA010
CRM042,INV0476,2023-10-07,10,121200.0,117812.0,3388.0,2023-10-07,10,827.0,Donholm1,Rep Two,KAA005
CRM033,INV0440,2023-05-29,5,5000.0,86.0,4914.0,2023-05-31,5,20.0,Umoja2,Rep One,KAA002
CRM065,INV0157,2023-07-16,7,50820.0,49102.0,1718.0,2023-07-16,7,307.0,Tassia1,Rep Three,KAA001
CRM032,INV0002,2023-05-10,5,113050.0,106872.0,6178.0,2023-05-10,5,787.0,Umoja2,Rep One,KAA001
CRM033,INV0650,2023-11-08,11,171800.0,165020.0,6780.0,2023-11-08,11,1285.0,Umoja2,Rep One,KAA008
CRM018,INV0012,2023-07-12,7,201020.0,198625.0,2395.0,2023-07-12,7,1628.0,Innercore,Rep One,KAA001
CRM073,INV0531,2023-02-12,2,97830.0,96673.0,1157.0,2023-02-13,2,889.0,Tassia2,Rep Three,KAA009
CRM060,INV0379,2023-08-30,8,92950.0,88217.0,4733.0,2023-08-30,8,649.0,Donholm2,Rep Two,KAA007
CRM021,INV0571,2023-10-10,10,102710.0,101911.0,799.0,2023-10-11,10,594.0,Umoja1,Rep One,KAA002
CRM037,INV0438,2023-02-11,2,45000.0,38381.0,6619.0,2023-02-11,2,200.0,Umoja2,Rep One,KAA002
CRM017,INV0084,2023-06-25,6,82090.0,78380.0,3710.0,2023-06-25,6,528.0,Innercore,Rep One,KAA006
CRM053,INV0052,2023-07-26,7,139640.0,137635.0,2005.0,2023-07-26,7,965.0,Donholm2,Rep Two,KAA004
CRM016,INV0040,2023-04-11,4,52240.0,52227.0,13.0,2023-04-11,4,448.0,Innercore,Rep One,KAA003
CRM020,INV0895,2023-03-11,3,148380.0,146138.0,2242.0,2023-03-13,3,1185.0,Innercore,Rep One,KAA006
CRM040,INV0580,2023-06-19,6,58280.0,54207.0,4073.0,2023-06-19,6,461.0,Umoja2,Rep One,KAA002
CRM023,INV0149,2023-02-06,2,173790.0,167649.0,6141.0,2023-02-06,2,1185.0,Umoja1,Rep One,KAA001
CRM045,INV0774,2023-01-09,1,174390.0,172376.0,2014.0,2023-01-11,1,1294.0,Donholm1,Rep Two,KAA008
CRM043,INV0501,2023-08-01,8,75240.0,73726.0,1514.0,2023-08-02,8,613.0,Donholm1,Rep Two,KAA007
CRM044,INV0126,2023-04-19,4,46920.0,46621.0,299.0,2023-04-19,4,442.0,Donholm1,Rep Two,KAA009
CRM028,INV0378,2023-04-01,4,58370.0,54653.0,3717.0,2023-04-02,4,282.0,Umoja1,Rep One,KAA007
CRM075,INV0977,2023-10-17,10,102350.0,97367.0,4983.0,2023-10-19,10,586.0,Tassia2,Rep Three,KAA001
CRM064,INV0976,2023-09-28,9,21130.0,20442.0,688.0,2023-09-28,9,240.0,Tassia1,Rep Three,KAA001
CRM025,INV0443,2023-12-11,12,41300.0,38786.0,2514.0,2023-12-11,12,364.0,Umoja1,Rep One,KAA002
CRM044,INV0433,2023-09-13,9,28200.0,21379.0,6821.0,2023-09-14,9,120.0,Donholm1,Rep Two,KAA001
CRM053,INV0765,2023-10-23,10,105950.0,101144.0,4806.0,2023-10-25,10,773.0,Donholm2,Rep Two,KAA007
CRM011,INV0314,2023-10-11,10,35800.0,35029.0,771.0,2023-10-13,10,380.0,Innercore,Rep One,KAA003
CRM047,INV0167,2023-12-01,12,140810.0,137358.0,3452.0,2023-12-03,12,1242.0,Donholm1,Rep Two,KAA002
CRM005,INV0194,2023-10-21,10,73900.0,71769.0,2131.0,2023-10-23,10,609.0,Tena,Rep One,KAA004
CRM027,INV0599,2023-12-11,12,124520.0,120114.0,4406.0,2023-12-13,12,1086.0,Umoja1,Rep One,KAA004
CRM055,INV0239,2023-11-12,11,25000.0,19302.0,5698.0,2023-11-14,11,100.0,Donholm2,Rep Two,KAA007
CRM028,INV0161,2023-01-01,1,32600.0,27071.0,5529.0,2023-01-03,1,224.0,Umoja1,Rep One,KAA002
CRM003,INV0798,2023-06-21,6,48670.0,46516.0,2154.0,2023-06-21,6,364.0,Tena,Rep One,KAA010
CRM014,INV0023,2023-05-28,5,185150.0,180467.0,4683.0,2023-05-28,5,1064.0,Innercore,Rep One,KAA002
CRM063,INV0815,2023-12-29,12,61470.0,54474.0,6996.0,2023-12-31,12,462.0,Tassia1,Rep Three,KAA001
CRM020,INV0727,2023-04-07,4,143260.0,136695.0,6565.0,2023-04-08,4,872.0,Innercore,Rep One,KAA004
CRM043,INV0112,2023-02-12,2,105080.0,101392.0,3688.0,2023-02-14,2,870.0,Donholm1,Rep Two,KAA008
CRM041,INV0885,2023-03-22,3,12500.0,6340.0,6160.0,2023-03-24,3,50.0,Donholm1,Rep Two,KAA005
CRM013,INV0283,2023-04-13,4,103280.0,97162.0,6118.0,2023-04-14,4,748.0,Innercore,Rep One,KAA010
CRM044,INV0672,2023-08-27,8,20700.0,20159.0,541.0,2023-08-28,8,240.0,Donholm1,Rep Two,KAA010
CRM053,INV0748,2023-02-03,2,72780.0,71848.0,932.0,2023-02-05,2,636.0,Donholm2,Rep Two,KAA006
CRM051,INV0974,2023-04-09,4,68260.0,62893.0,5367.0,2023-04-11,4,472.0,Donholm2,Rep Two,KAA001
CRM043,INV0291,2023-03-03,3,170650.0,167688.0,2962.0,2023-03-05,3,1354.0,Donholm1,Rep Two,KAA001
CRM030,INV0248,2023-06-29,6,117380.0,112782.0,4598.0,2023-06-29,6,1048.0,Umoja1,Rep One,KAA008
CRM014,INV0951,2023-06-05,6,56650.0,54781.0,1869.0,2023-06-06,6,318.0,Innercore,Rep One,KAA009
CRM040,INV0191,2023-09-02,9,154160.0,147353.0,6807.0,2023-09-02,9,999.0,Umoja2,Rep One,KAA004
CRM015,INV0941,2023-10-07,10,80180.0,79217.0,963.0,2023-10-07,10,576.0,Innercore,Rep One,KAA009
CRM043,INV0957,2023-02-27,2,192790.0,187042.0,5748.0,2023-02-27,2,1360.0,Donholm1,Rep Two,KAA010
CRM044,INV0669,2023-08-19,8,46840.0,45341.0,1499.0,2023-08-20,8,266.0,Donholm1,Rep Two,KAA009
CRM043,INV0411,2023-10-10,10,28000.0,23069.0,4931.0,2023-10-11,10,190.0,Donholm1,Rep Two,KAA010
CRM002,INV0561,2023-11-01,11,132490.0,126763.0,5727.0,2023-11-02,11,803.0,Tena,Rep One,KAA001
CRM075,INV0721,2023-02-26,2,41050.0,37685.0,3365.0,2023-02-27,2,320.0,Tassia2,Rep Three,KAA003
CRM063,INV0478,2023-03-14,3,135460.0,131762.0,3698.0,2023-03-16,3,919.0,Tassia1,Rep Three,KAA005
CRM078,INV0373,2023-04-09,4,130120.0,126248.0,3872.0,2023-04-09,4,835.0,Tassia2,Rep Three,KAA007
CRM054,INV0749,2023-10-20,10,175730.0,171689.0,4041.0,2023-10-21,10,1167.0,Donholm2,Rep Two,KAA006
CRM044,INV0713,2023-08-29,8,37800.0,33705.0,4095.0,2023-08-30,8,367.0,Donholm1,Rep Two,KAA003
CRM001,INV0124,2023-01-23,1,116200.0,109242.0,6958.0,2023-01-24,1,1074.0,Tena,Rep One,KAA009
CRM029,INV0952,2023-06-22,6,67390.0,64050.0,3340.0,2023-06-22,6,478.0,Umoja1,Rep One,KAA009
CRM045,INV0173,2023-03-19,3,89760.0,88665.0,1095.0,2023-03-21,3,794.0,Donholm1,Rep Two,KAA003
CRM069,INV0987,2023-10-26,10,110440.0,110423.0,17.0,2023-10-26,10,686.0,Tassia1,Rep Three,KAA002
CRM060,INV0421,2023-01-02,1,136140.0,132553.0,3587.0,2023-01-03,1,856.0,Donholm2,Rep Two,KAA010
CRM039,INV0399,2023-04-05,4,156310.0,153643.0,2667.0,2023-04-05,4,1176.0,Umoja2,Rep One,KAA009
CRM036,INV0041,2023-01-27,1,101030.0,95928.0,5102.0,2023-01-27,1,784.0,Umoja2,Rep One,KAA003
CRM049,INV0908,2023-07-08,7,14700.0,12204.0,2496.0,2023-07-10,7,168.0,Donholm1,Rep Two,KAA007
CRM064,INV0726,2023-03-18,3,151990.0,151875.0,115.0,2023-03-20,3,1019.0,Tassia1,Rep Three,KAA004
CRM003,INV0197,2023-11-20,11,138440.0,135901.0,2539.0,2023-11-20,11,1097.0,Tena,Rep One,KAA004
CRM005,INV0405,2023-03-09,3,50860.0,50127.0,733.0,2023-03-10,3,432.0,Tena,Rep One,KAA009
CRM048,INV0334,2023-02-04,2,99730.0,94798.0,4932.0,2023-02-04,2,791.0,Donholm1,Rep Two,KAA004
CRM037,INV0819,2023-12-07,12,124490.0,122674.0,1816.0,2023-12-08,12,868.0,Umoja2,Rep One,KAA001
CRM058,INV0232,2023-06-06,6,87110.0,83966.0,3144.0,2023-06-06,6,548.0,Donholm2,Rep Two,KAA007
CRM005,INV0680,2023-03-25,3,90600.0,86834.0,3766.0,2023-03-25,3,588.0,Tena,Rep One,KAA010
CRM059,INV0801,2023-01-30,1,57500.0,55626.0,1874.0,2023-01-30,1,250.0,Donholm2,Rep Two,KAA010
CRM004,INV0948,2023-11-18,11,79140.0,76755.0,2385.0,2023-11-20,11,538.0,Tena,Rep One,KAA009
CRM051,INV0358,2023-10-04,10,67250.0,63494.0,3756.0,2023-10-06,10,508.0,Donholm2,Rep Two,KAA006
CRM079,INV0221,2023-03-28,3,120010.0,114083.0,5927.0,2023-03-28,3,896.0,Tassia2,Rep Three,KAA006
CRM047,INV0069,2023-11-06,11,126420.0,119955.0,6465.0,2023-11-06,11,776.0,Donholm1,Rep Two,KAA005
CRM041,INV0994,2023-11-09,11,46800.0,41324.0,5476.0,2023-11-10,11,334.0,Donholm1,Rep Two,KAA002
CRM067,INV0621,2023-09-17,9,38100.0,35965.0,2135.0,2023-09-18,9,280.0,Tassia1,Rep Three,KAA006
CRM030,INV0998,2023-09-07,9,68210.0,66483.0,1727.0,2023-09-09,9,597.0,Umoja1,Rep One,KAA002
CRM010,INV0623,2023-05-11,5,73150.0,69704.0,3446.0,2023-05-12,5,512.0,Tena,Rep One,KAA006
CRM060,INV0742,2023-01-01,1,27760.0,21215.0,6545.0,2023-01-01,1,232.0,Donholm2,Rep Two,KAA005
CRM003,INV0032,2023-10-15,10,124050.0,121054.0,2996.0,2023-10-17,10,750.0,Tena,Rep One,KAA003
CRM036,INV0560,2023-08-09,8,176340.0,171766.0,4574.0,2023-08-09,8,1247.0,Umoja2,Rep One,KAA001
CRM023,INV0591,2023-05-29,5,9400.0,4248.0,5152.0,2023-05-30,5,40.0,Umoja1,Rep One,KAA003
CRM039,INV0979,2023-08-18,8,114840.0,112895.0,1945.0,2023-08-19,8,794.0,Umoja2,Rep One,KAA001
CRM038,INV0450,2023-12-27,12,166990.0,160965.0,6025.0,2023-12-29,12,1286.0,Umoja2,Rep One,KAA003
CRM062,INV0363,2023-02-24,2,70300.0,63921.0,6379.0,2023-02-25,2,584.0,Tassia1,Rep Three,KAA006
CRM068,INV0757,2023-03-17,3,24760.0,24392.0,368.0,2023-03-17,3,288.0,Tassia1,Rep Three,KAA006
CRM010,INV0302,2023-04-08,4,84000.0,80901.0,3099.0,2023-04-08,4,560.0,Tena,Rep One,KAA002
CRM017,INV0315,2023-11-22,11,40400.0,36251.0,4149.0,2023-11-22,11,160.0,Innercore,Rep One,KAA003
CRM005,INV0823,2023-04-24,4,182440.0,175900.0,6540.0,2023-04-25,4,1229.0,Tena,Rep One,KAA001
CRM042,INV0871,2023-12-20,12,47000.0,40762.0,6238.0,2023-12-22,12,200.0,Donholm1,Rep Two,KAA004
CRM005,INV0388,2023-01-29,1,126820.0,125209.0,1611.0,2023-01-31,1,920.0,Tena,Rep One,KAA008
CRM012,INV0263,2023-03-19,3,111990.0,108203.0,3787.0,2023-03-19,3,820.0,Innercore,Rep One,KAA009
CRM007,INV0589,2023-06-12,6,137210.0,135743.0,1467.0,2023-06-13,6,969.0,Tena,Rep One,KAA003
CRM058,INV0488,2023-09-27,9,139110.0,135352.0,3758.0,2023-09-28,9,1198.0,Donholm2,Rep Two,KAA006
CRM021,INV0038,2023-06-30,6,165740.0,164854.0,886.0,2023-07-02,7,1062.0,Umoja1,Rep One,KAA003
CRM071,INV0664,2023-03-05,3,62000.0,58617.0,3383.0,2023-03-05,3,260.0,Tassia2,Rep Three,KAA009
CRM052,INV0261,2023-08-04,8,14350.0,10785.0,3565.0,2023-08-04,8,168.0,Donholm2,Rep Two,KAA009
CRM078,INV0714,2023-10-31,10,102480.0,97995.0,4485.0,2023-10-31,10,666.0,Tassia2,Rep Three,KAA003
CRM072,INV0346,2023-02-23,2,176560.0,171609.0,4951.0,2023-02-25,2,1019.0,Tassia2,Rep Three,KAA005
CRM016,INV0530,2023-05-16,5,181000.0,174762.0,6238.0,2023-05-16,5,1397.0,Innercore,Rep One,KAA009
CRM056,INV0781,2023-05-01,5,150200.0,148931.0,1269.0,2023-05-02,5,1067.0,Donholm2,Rep Two,KAA008
CRM068,INV0409,2023-08-15,8,6000.0,2505.0,3495.0,2023-08-17,8,50.0,Tassia1,Rep Three,KAA010
CRM061,INV0965,2023-10-10,10,47250.0,41285.0,5965.0,2023-10-10,10,308.0,Tassia1,Rep Three,KAA010
CRM061,INV0518,2023-12-24,12,51980.0,45062.0,6918.0,2023-12-26,12,336.0,Tassia1,Rep Three,KAA008
CRM063,INV0880,2023-04-12,4,136740.0,130548.0,6192.0,2023-04-13,4,834.0,Tassia1,Rep Three,KAA005
CRM046,INV0876,2023-06-21,6,37600.0,34691.0,2909.0,2023-06-22,6,160.0,Donholm1,Rep Two,KAA005
CRM078,INV0972,2023-07-23,7,176020.0,172209.0,3811.0,2023-07-25,7,1275.0,Tassia2,Rep Three,KAA001
CRM026,INV0896,2023-07-19,7,154830.0,154083.0,747.0,2023-07-20,7,1113.0,Umoja1,Rep One,KAA006
CRM036,INV0587,2023-08-08,8,89120.0,87773.0,1347.0,2023-08-10,8,584.0,Umoja2,Rep One,KAA003
CRM063,INV0454,2023-03-13,3,6360.0,2702.0,3658.0,2023-03-14,3,72.0,Tassia1,Rep Three,KAA003
CRM036,INV0004,2023-04-26,4,79800.0,78970.0,830.0,2023-04-27,4,632.0,Umoja2,Rep One,KAA001
CRM010,INV0097,2023-07-08,7,46490.0,42188.0,4302.0,2023-07-09,7,472.0,Tena,Rep One,KAA007
CRM068,INV0733,2023-01-30,1,98360.0,92349.0,6011.0,2023-01-31,1,738.0,Tassia1,Rep Three,KAA004
CRM025,INV0370,2023-07-27,7,127360.0,122736.0,4624.0,2023-07-29,7,932.0,Umoja1,Rep One,KAA006
CRM049,INV0588,2023-09-10,9,135220.0,131134.0,4086.0,2023-09-12,9,1178.0,Donholm1,Rep Two,KAA003
CRM048,INV0063,2023-03-27,3,212830.0,208770.0,4060.0,2023-03-28,3,1504.0,Donholm1,Rep Two,KAA005
CRM030,INV0217,2023-07-04,7,6300.0,4231.0,2069.0,2023-07-06,7,72.0,Umoja1,Rep One,KAA006
CRM044,INV0820,2023-05-30,5,73040.0,68266.0,4774.0,2023-05-31,5,746.0,Donholm1,Rep Two,KAA001
CRM055,INV0130,2023-01-06,1,18300.0,12880.0,5420.0,2023-01-06,1,172.0,Donholm2,Rep Two,KAA009
CRM009,INV0596,2023-09-05,9,161680.0,156913.0,4767.0,2023-09-07,9,1275.0,Tena,Rep One,KAA004
CRM069,INV0746,2023-02-16,2,45500.0,44259.0,1241.0,2023-02-17,2,340.0,Tassia1,Rep Three,KAA005
CRM001,INV0927,2023-06-17,6,46920.0,41955.0,4965.0,2023-06-19,6,214.0,Tena,Rep One,KAA008
CRM077,INV0340,2023-04-25,4,105290.0,102073.0,3217.0,2023-04-27,4,588.0,Tassia2,Rep Three,KAA004
CRM051,INV0788,2023-04-07,4,216730.0,216249.0,481.0,2023-04-08,4,1584.0,Donholm2,Rep Two,KAA009
CRM050,INV0455,2023-06-16,6,14490.0,12014.0,2476.0,2023-06-16,6,168.0,Donholm1,Rep Two,KAA003
CRM068,INV0535,2023-04-24,4,211030.0,208057.0,2973.0,2023-04-26,4,1568.0,Tassia1,Rep Three,KAA010
CRM057,INV0505,2023-08-29,8,102400.0,96998.0,5402.0,2023-08-31,8,850.0,Donholm2,Rep Two,KAA007
CRM057,INV0303,2023-04-23,4,109790.0,105599.0,4191.0,2023-04-25,4,930.0,Donholm2,Rep Two,KAA002
CRM077,INV0759,2023-03-05,3,71000.0,66557.0,4443.0,2023-03-07,3,400.0,Tassia2,Rep Three,KAA006
CRM041,INV0830,2023-04-06,4,139470.0,139273.0,197.0,2023-04-08,4,1041.0,Donholm1,Rep Two,KAA002
CRM037,INV0054,2023-01-24,1,166270.0,162021.0,4249.0,2023-01-25,1,1264.0,Umoja2,Rep One,KAA004
CRM034,INV0105,2023-09-28,9,162190.0,161512.0,678.0,2023-09-29,9,1178.0,Umoja2,Rep One,KAA008
CRM051,INV0209,2023-02-16,2,146510.0,144764.0,1746.0,2023-02-17,2,1125.0,Donholm2,Rep Two,KAA005
CRM057,INV0697,2023-03-12,3,154700.0,152628.0,2072.0,2023-03-14,3,1243.0,Donholm2,Rep Two,KAA002
CRM031,INV0584,2023-11-11,11,180140.0,177502.0,2638.0,2023-11-12,11,1309.0,Umoja2,Rep One,KAA003
CRM054,INV0254,2023-01-18,1,32680.0,31609.0,1071.0,2023-01-20,1,224.0,Donholm2,Rep Two,KAA008
CRM010,INV0223,2023-03-12,3,70850.0,69642.0,1208.0,2023-03-13,3,450.0,Tena,Rep One,KAA006
CRM029,INV0359,2023-01-04,1,42000.0,39935.0,2065.0,2023-01-06,1,350.0,Umoja1,Rep One,KAA006
CRM077,INV0784,2023-05-06,5,185370.0,185244.0,126.0,2023-05-08,5,1509.0,Tassia2,Rep Three,KAA008
CRM056,INV0870,2023-11-02,11,97710.0,90983.0,6727.0,2023-11-03,11,752.0,Donholm2,Rep Two,KAA004
CRM044,INV0701,2023-02-28,2,14840.0,11828.0,3012.0,2023-03-01,3,168.0,Donholm1,Rep Two,KAA002
CRM018,INV0913,2023-02-13,2,33500.0,30676.0,2824.0,2023-02-15,2,290.0,Innercore,Rep One,KAA007
CRM023,INV0497,2023-04-12,4,166390.0,164479.0,1911.0,2023-04-12,4,1202.0,Umoja1,Rep One,KAA007
CRM071,INV0867,2023-02-03,2,47710.0,45272.0,2438.0,2023-02-05,2,252.0,Tassia2,Rep Three,KAA004
CRM054,INV0963,2023-01-21,1,27100.0,23652.0,3448.0,2023-01-23,1,262.0,Donholm2,Rep Two,KAA010
CRM003,INV0643,2023-12-25,12,160750.0,158282.0,2468.0,2023-12-25,12,1315.0,Tena,Rep One,KAA008
CRM058,INV0614,2023-02-26,2,102760.0,98015.0,4745.0,2023-02-26,2,675.0,Donholm2,Rep Two,KAA005
CRM078,INV0944,2023-04-25,4,43010.0,40929.0,2081.0,2023-04-26,4,344.0,Tassia2,Rep Three,KAA009
CRM010,INV0079,2023-09-20,9,30340.0,23650.0,6690.0,2023-09-22,9,148.0,Tena,Rep One,KAA006
CRM041,INV0730,2023-03-26,3,95700.0,95205.0,495.0,2023-03-28,3,536.0,Donholm1,Rep Two,KAA004
CRM029,INV0836,2023-09-29,9,15000.0,10480.0,4520.0,2023-09-30,9,60.0,Umoja1,Rep One,KAA002
CRM047,INV0684,2023-06-13,6,69400.0,64358.0,5042.0,2023-06-15,6,540.0,Donholm1,Rep Two,KAA001
CRM004,INV0307,2023-11-19,11,83260.0,77385.0,5875.0,2023-11-21,11,786.0,Tena,Rep One,KAA002
CRM030,INV0284,2023-11-29,11,18900.0,15691.0,3209.0,2023-11-29,11,202.0,Umoja1,Rep One,KAA010
CRM061,INV0229,2023-10-20,10,110980.0,107161.0,3819.0,2023-10-20,10,616.0,Tassia1,Rep Three,KAA007
CRM058,INV0035,2023-02-04,2,45540.0,42900.0,2640.0,2023-02-04,2,420.0,Donholm2,Rep Two,KAA003
CRM013,INV0720,2023-09-27,9,43200.0,41254.0,1946.0,2023-09-28,9,180.0,Innercore,Rep One,KAA003
CRM036,INV0427,2023-03-03,3,91430.0,91178.0,252.0,2023-03-05,3,610.0,Umoja2,Rep One,KAA001
CRM061,INV0298,2023-12-18,12,74540.0,69269.0,5271.0,2023-12-20,12,513.0,Tassia1,Rep Three,KAA002
CRM079,INV0805,2023-10-17,10,150750.0,150338.0,412.0,2023-10-17,10,860.0,Tassia2,Rep Three,KAA010
CRM005,INV0696,2023-06-14,6,32150.0,29535.0,2615.0,2023-06-15,6,296.0,Tena,Rep One,KAA002
CRM043,INV0319,2023-10-21,10,28920.0,23351.0,5569.0,2023-10-21,10,249.0,Donholm1,Rep Two,KAA003
CRM004,INV0673,2023-04-09,4,75310.0,75144.0,166.0,2023-04-09,4,582.0,Tena,Rep One,KAA010
CRM028,INV0625,2023-10-26,10,170040.0,167514.0,2526.0,2023-10-28,10,1224.0,Umoja1,Rep One,KAA006
CRM003,INV0894,2023-04-24,4,73400.0,72428.0,972.0,2023-04-25,4,510.0,Tena,Rep One,KAA006
CRM072,INV0932,2023-06-15,6,2050.0,1849.0,201.0,2023-06-17,6,24.0,Tassia2,Rep Three,KAA008
CRM066,INV0755,2023-04-29,4,151380.0,150888.0,492.0,2023-04-29,4,1168.0,Tassia1,Rep Three,KAA006
CRM079,INV0868,2023-06-27,6,89830.0,89119.0,711.0,2023-06-27,6,763.0,Tassia2,Rep Three,KAA004
CRM070,INV0986,2023-02-04,2,93440.0,90530.0,2910.0,2023-02-05,2,646.0,Tassia1,Rep Three,KAA002
CRM071,INV0070,2023-11-02,11,117350.0,115728.0,1622.0,2023-11-03,11,908.0,Tassia2,Rep Three,KAA005
CRM079,INV0296,2023-07-29,7,169000.0,166747.0,2253.0,2023-07-29,7,1160.0,Tassia2,Rep Three,KAA002
CRM019,INV0495,2023-01-03,1,135670.0,129057.0,6613.0,2023-01-03,1,1009.0,Innercore,Rep One,KAA007
CRM001,INV0222,2023-07-09,7,24410.0,22742.0,1668.0,2023-07-11,7,222.0,Tena,Rep One,KAA006
CRM015,INV0822,2023-06-12,6,166980.0,161560.0,5420.0,2023-06-13,6,1000.0,Innercore,Rep One,KAA001
CRM056,INV0712,2023-12-26,12,107130.0,104101.0,3029.0,2023-12-26,12,739.0,Donholm2,Rep Two,KAA003
CRM006,INV0183,2023-09-16,9,166060.0,162534.0,3526.0,2023-09-16,9,1185.0,Tena,Rep One,KAA003
CRM043,INV0155,2023-05-09,5,127160.0,121197.0,5963.0,2023-05-09,5,917.0,Donholm1,Rep Two,KAA001
CRM024,INV0576,2023-11-13,11,95730.0,90209.0,5521.0,2023-11-14,11,752.0,Umoja1,Rep One,KAA002
CRM036,INV0076,2023-05-14,5,40500.0,36322.0,4178.0,2023-05-15,5,180.0,Umoja2,Rep One,KAA006
CRM065,INV0442,2023-11-30,11,175140.0,175059.0,81.0,2023-11-30,11,1288.0,Tassia1,Rep Three,KAA002
CRM007,INV0259,2023-03-21,3,117620.0,114577.0,3043.0,2023-03-23,3,928.0,Tena,Rep One,KAA009
CRM046,INV0577,2023-08-04,8,114330.0,109109.0,5221.0,2023-08-05,8,724.0,Donholm1,Rep Two,KAA002
CRM056,INV0164,2023-10-11,10,172690.0,168957.0,3733.0,2023-10-12,10,1314.0,Donholm2,Rep Two,KAA002
CRM078,INV0961,2023-09-21,9,106590.0,100308.0,6282.0,2023-09-23,9,756.0,Tassia2,Rep Three,KAA010
CRM011,INV0850,2023-08-11,8,33150.0,32144.0,1006.0,2023-08-11,8,297.0,Innercore,Rep One,KAA003
CRM003,INV0327,2023-10-27,10,30000.0,26956.0,3044.0,2023-10-28,10,250.0,Tena,Rep One,KAA004
CRM004,INV0457,2023-09-18,9,150210.0,146177.0,4033.0,2023-09-19,9,1034.0,Tena,Rep One,KAA003
CRM007,INV0366,2023-05-08,5,96600.0,96397.0,203.0,2023-05-09,5,639.0,Tena,Rep One,KAA006
CRM071,INV0480,2023-06-16,6,140220.0,138624.0,1596.0,2023-06-16,6,836.0,Tassia2,Rep Three,KAA005
CRM062,INV0129,2023-12-25,12,195400.0,192135.0,3265.0,2023-12-26,12,1492.0,Tassia1,Rep Three,KAA009
CRM061,INV0446,2023-05-28,5,116430.0,111252.0,5178.0,2023-05-29,5,827.0,Tassia1,Rep Three,KAA002
CRM059,INV0436,2023-11-07,11,58770.0,57994.0,776.0,2023-11-09,11,466.0,Donholm2,Rep Two,KAA002
CRM071,INV0330,2023-01-11,1,24300.0,17666.0,6634.0,2023-01-13,1,244.0,Tassia2,Rep Three,KAA004
CRM031,INV0537,2023-08-13,8,185830.0,179030.0,6800.0,2023-08-14,8,1358.0,Umoja2,Rep One,KAA010
CRM024,INV0106,2023-10-29,10,39900.0,38111.0,1789.0,2023-10-31,10,348.0,Umoja1,Rep One,KAA008
CRM032,INV0413,2023-10-16,10,149220.0,147954.0,1266.0,2023-10-18,10,1108.0,Umoja2,Rep One,KAA010
CRM024,INV0900,2023-02-15,2,91400.0,87547.0,3853.0,2023-02-16,2,717.0,Umoja1,Rep One,KAA006
CRM065,INV0475,2023-05-14,5,110970.0,104249.0,6721.0,2023-05-14,5,953.0,Tassia1,Rep Three,KAA005
CRM068,INV0471,2023-07-07,7,126980.0,122984.0,3996.0,2023-07-08,7,962.0,Tassia1,Rep Three,KAA004
CRM013,INV0524,2023-06-18,6,121490.0,121490.0,0.0,2023-06-19,6,969.0,Innercore,Rep One,KAA009
CRM063,INV0754,2023-05-31,5,198440.0,192636.0,5804.0,2023-06-02,6,1408.0,Tassia1,Rep Three,KAA006
CRM028,INV0182,2023-07-21,7,172930.0,169870.0,3060.0,2023-07-23,7,1227.0,Umoja1,Rep One,KAA003
CRM019,INV0499,2023-04-14,4,4500.0,4254.0,246.0,2023-04-16,4,20.0,Innercore,Rep One,KAA007
CRM005,INV0280,2023-03-02,3,108750.0,105451.0,3299.0,2023-03-02,3,744.0,Tena,Rep One,KAA010
CRM066,INV0218,2023-01-02,1,97100.0,95743.0,1357.0,2023-01-03,1,766.0,Tassia1,Rep Three,KAA006
CRM070,INV0095,2023-05-17,5,21000.0,17372.0,3628.0,2023-05-19,5,95.0,Tassia1,Rep Three,KAA007
CRM051,INV0771,2023-08-02,8,202290.0,201476.0,814.0,2023-08-02,8,1433.0,Donholm2,Rep Two,KAA007
CRM027,INV0306,2023-01-08,1,48960.0,46436.0,2524.0,2023-01-08,1,337.0,Umoja1,Rep One,KAA002
CRM030,INV0855,2023-06-20,6,95390.0,91569.0,3821.0,2023-06-21,6,668.0,Umoja1,Rep One,KAA003
CRM033,INV0593,2023-09-25,9,141750.0,139762.0,1988.0,2023-09-27,9,970.0,Umoja2,Rep One,KAA004
CRM017,INV0610,2023-11-28,11,81900.0,79538.0,2362.0,2023-11-30,11,700.0,Innercore,Rep One,KAA005
CRM016,INV0554,2023-10-14,10,104590.0,101164.0,3426.0,2023-10-16,10,810.0,Innercore,Rep One,KAA001
CRM058,INV0110,2023-10-19,10,82350.0,79252.0,3098.0,2023-10-21,10,670.0,Donholm2,Rep Two,KAA008
CRM067,INV0685,2023-02-01,2,87160.0,84873.0,2287.0,2023-02-02,2,538.0,Tassia1,Rep Three,KAA001
CRM007,INV0936,2023-11-15,11,5000.0,63.0,4937.0,2023-11-16,11,20.0,Tena,Rep One,KAA008
CRM025,INV0449,2023-05-07,5,72580.0,71806.0,774.0,2023-05-07,5,566.0,Umoja1,Rep One,KAA002
CRM029,INV0791,2023-05-14,5,187890.0,183469.0,4421.0,2023-05-14,5,1608.0,Umoja1,Rep One,KAA009
CRM052,INV0966,2023-07-14,7,186950.0,182779.0,4171.0,2023-07-14,7,1222.0,Donholm2,Rep Two,KAA010
CRM058,INV0922,2023-12-10,12,147700.0,141005.0,6695.0,2023-12-10,12,1107.0,Donholm2,Rep Two,KAA008
CRM067,INV0909,2023-09-27,9,87650.0,85716.0,1934.0,2023-09-27,9,594.0,Tassia1,Rep Three,KAA007
CRM015,INV0523,2023-04-08,4,166200.0,161101.0,5099.0,2023-04-08,4,1254.0,Innercore,Rep One,KAA009
CRM037,INV0940,2023-02-12,2,44720.0,40274.0,4446.0,2023-02-14,2,433.0,Umoja2,Rep One,KAA009
CRM005,INV0313,2023-10-12,10,7700.0,3750.0,3950.0,2023-10-14,10,45.0,Tena,Rep One,KAA003
CRM035,INV0874,2023-09-21,9,16560.0,11745.0,4815.0,2023-09-23,9,192.0,Umoja2,Rep One,KAA005
CRM064,INV0310,2023-08-31,8,141200.0,136370.0,4830.0,2023-08-31,8,876.0,Tassia1,Rep Three,KAA003
CRM067,INV0923,2023-05-25,5,112900.0,110391.0,2509.0,2023-05-26,5,670.0,Tassia1,Rep Three,KAA008
CRM004,INV0398,2023-02-21,2,12000.0,9581.0,2419.0,2023-02-22,2,100.0,Tena,Rep One,KAA009
CRM019,INV0146,2023-02-25,2,125900.0,119749.0,6151.0,2023-02-26,2,932.0,Innercore,Rep One,KAA010
CRM004,INV0864,2023-09-09,9,156560.0,150524.0,6036.0,2023-09-09,9,1208.0,Tena,Rep One,KAA004
CRM037,INV0331,2023-01-29,1,2070.0,14.0,2056.0,2023-01-29,1,24.0,Umoja2,Rep One,KAA004
CRM075,INV0089,2023-08-11,8,66420.0,63367.0,3053.0,2023-08-11,8,594.0,Tassia2,Rep Three,KAA006
CRM015,INV0045,2023-07-17,7,141900.0,141054.0,846.0,2023-07-18,7,970.0,Innercore,Rep One,KAA003
CRM049,INV0566,2023-06-26,6,51450.0,47896.0,3554.0,2023-06-26,6,534.0,Donholm1,Rep Two,KAA002
CRM056,INV0931,2023-11-06,11,36000.0,29117.0,6883.0,2023-11-08,11,300.0,Donholm2,Rep Two,KAA008
CRM060,INV0846,2023-10-23,10,18000.0,17579.0,421.0,2023-10-23,10,80.0,Donholm2,Rep Two,KAA003
CRM007,INV0365,2023-09-27,9,33420.0,30292.0,3128.0,2023-09-27,9,224.0,Tena,Rep One,KAA006
CRM017,INV0269,2023-06-16,6,170350.0,167731.0,2619.0,2023-06-18,6,1246.0,Innercore,Rep One,KAA009
CRM030,INV0612,2023-05-26,5,75060.0,74502.0,558.0,2023-05-28,5,538.0,Umoja1,Rep One,KAA005
CRM013,INV0484,2023-08-06,8,88170.0,86742.0,1428.0,2023-08-08,8,665.0,Innercore,Rep One,KAA006
CRM067,INV0881,2023-11-26,11,121340.0,119910.0,1430.0,2023-11-28,11,746.0,Tassia1,Rep Three,KAA005
CRM024,INV0050,2023-12-12,12,79520.0,79497.0,23.0,2023-12-12,12,585.0,Umoja1,Rep One,KAA004
CRM001,INV0698,2023-12-30,12,118350.0,113756.0,4594.0,2023-12-31,12,886.0,Tena,Rep One,KAA002
CRM028,INV0671,2023-02-21,2,126710.0,126170.0,540.0,2023-02-21,2,1122.0,Umoja1,Rep One,KAA010
CRM019,INV0519,2023-03-01,3,171080.0,170094.0,986.0,2023-03-03,3,1186.0,Innercore,Rep One,KAA008
CRM005,INV0256,2023-02-02,2,30600.0,27101.0,3499.0,2023-02-04,2,173.0,Tena,Rep One,KAA008
CRM002,INV0565,2023-05-06,5,14100.0,11633.0,2467.0,2023-05-07,5,60.0,Tena,Rep One,KAA002
CRM006,INV0127,2023-05-28,5,60500.0,56634.0,3866.0,2023-05-28,5,345.0,Tena,Rep One,KAA009
CRM007,INV0783,2023-08-13,8,18800.0,12566.0,6234.0,2023-08-15,8,80.0,Tena,Rep One,KAA008
CRM030,INV0924,2023-05-22,5,63440.0,63427.0,13.0,2023-05-23,5,326.0,Umoja1,Rep One,KAA008
CRM029,INV0853,2023-06-18,6,50140.0,48371.0,1769.0,2023-06-20,6,446.0,Umoja1,Rep One,KAA003
CRM071,INV0889,2023-06-03,6,49500.0,42825.0,6675.0,2023-06-04,6,330.0,Tassia2,Rep Three,KAA005
CRM004,INV0496,2023-08-14,8,21000.0,17424.0,3576.0,2023-08-14,8,175.0,Tena,Rep One,KAA007
CRM072,INV0887,2023-06-18,6,87000.0,82877.0,4123.0,2023-06-19,6,550.0,Tassia2,Rep Three,KAA005
CRM028,INV0903,2023-05-24,5,76570.0,72719.0,3851.0,2023-05-26,5,642.0,Umoja1,Rep One,KAA006
CRM048,INV0716,2023-03-20,3,56400.0,49519.0,6881.0,2023-03-20,3,482.0,Donholm1,Rep Two,KAA003
CRM063,INV0227,2023-12-19,12,84060.0,80536.0,3524.0,2023-12-21,12,636.0,Tassia1,Rep Three,KAA006
CRM053,INV0171,2023-06-17,6,43400.0,43277.0,123.0,2023-06-17,6,236.0,Donholm2,Rep Two,KAA002
CRM062,INV0878,2023-11-03,11,84000.0,78688.0,5312.0,2023-11-03,11,700.0,Tassia1,Rep Three,KAA005
CRM074,INV0764,2023-04-28,4,149900.0,147124.0,2776.0,2023-04-28,4,1054.0,Tassia2,Rep Three,KAA007
CRM033,INV0186,2023-01-02,1,54900.0,54728.0,172.0,2023-01-03,1,472.0,Umoja2,Rep One,KAA003
CRM031,INV0400,2023-09-07,9,74380.0,71735.0,2645.0,2023-09-09,9,481.0,Umoja2,Rep One,KAA009
CRM014,INV0170,2023-06-12,6,102590.0,95642.0,6948.0,2023-06-14,6,787.0,Innercore,Rep One,KAA002
CRM034,INV0956,2023-10-29,10,37600.0,37221.0,379.0,2023-10-30,10,160.0,Umoja2,Rep One,KAA010
CRM008,INV0234,2023-12-09,12,24950.0,20346.0,4604.0,2023-12-10,12,288.0,Tena,Rep One,KAA007
CRM016,INV0143,2023-11-16,11,171860.0,167670.0,4190.0,2023-11-18,11,1237.0,Innercore,Rep One,KAA010
CRM020,INV0744,2023-08-08,8,116780.0,115666.0,1114.0,2023-08-10,8,828.0,Innercore,Rep One,KAA005
CRM005,INV0166,2023-08-27,8,19080.0,12414.0,6666.0,2023-08-27,8,216.0,Tena,Rep One,KAA002
CRM009,INV0274,2023-12-01,12,16800.0,15066.0,1734.0,2023-12-01,12,192.0,Tena,Rep One,KAA010
CRM055,INV0939,2023-03-07,3,132780.0,129886.0,2894.0,2023-03-09,3,906.0,Donholm2,Rep Two,KAA009
CRM011,INV0865,2023-07-03,7,80610.0,80383.0,227.0,2023-07-04,7,485.0,Innercore,Rep One,KAA004
CRM002,INV0184,2023-05-18,5,5400.0,4573.0,827.0,2023-05-18,5,20.0,Tena,Rep One,KAA003
CRM019,INV0507,2023-09-06,9,179270.0,179142.0,128.0,2023-09-06,9,1301.0,Innercore,Rep One,KAA008
CRM011,INV0616,2023-03-04,3,110020.0,108056.0,1964.0,2023-03-06,3,989.0,Innercore,Rep One,KAA005
CRM039,INV0174,2023-11-23,11,18300.0,15106.0,3194.0,2023-11-23,11,70.0,Umoja2,Rep One,KAA003
CRM004,INV0055,2023-08-22,8,172450.0,171948.0,502.0,2023-08-22,8,1194.0,Tena,Rep One,KAA004
CRM007,INV0005,2023-07-16,7,39060.0,36846.0,2214.0,2023-07-16,7,282.0,Tena,Rep One,KAA001
CRM058,INV0608,2023-10-15,10,17600.0,16504.0,1096.0,2023-10-16,10,108.0,Donholm2,Rep Two,KAA005
CRM062,INV0879,2023-06-19,6,52200.0,47984.0,4216.0,2023-06-21,6,320.0,Tassia1,Rep Three,KAA005
CRM061,INV0857,2023-05-31,5,118440.0,115589.0,2851.0,2023-05-31,5,673.0,Tassia1,Rep Three,KAA003
CRM065,INV0397,2023-09-14,9,55500.0,50334.0,5166.0,2023-09-16,9,430.0,Tassia1,Rep Three,KAA009
CRM060,INV0526,2023-08-24,8,10980.0,10149.0,831.0,2023-08-24,8,106.0,Donholm2,Rep Two,KAA009
CRM041,INV0470,2023-04-04,4,146730.0,140767.0,5963.0,2023-04-05,4,976.0,Donholm1,Rep Two,KAA004
CRM047,INV0708,2023-03-24,3,104640.0,104102.0,538.0,2023-03-26,3,818.0,Donholm1,Rep Two,KAA003
CRM046,INV0135,2023-06-08,6,57590.0,54589.0,3001.0,2023-06-08,6,456.0,Donholm1,Rep Two,KAA009
CRM023,INV0204,2023-03-23,3,6000.0,1560.0,4440.0,2023-03-24,3,50.0,Umoja1,Rep One,KAA005
CRM001,INV0169,2023-06-19,6,169740.0,165333.0,4407.0,2023-06-20,6,1306.0,Tena,Rep One,KAA002
CRM044,INV0642,2023-07-27,7,113260.0,112520.0,740.0,2023-07-29,7,723.0,Donholm1,Rep Two,KAA007
CRM041,INV0352,2023-08-28,8,109130.0,108092.0,1038.0,2023-08-29,8,1097.0,Donholm1,Rep Two,KAA005
CRM066,INV0141,2023-06-19,6,126060.0,120214.0,5846.0,2023-06-19,6,934.0,Tassia1,Rep Three,KAA010
CRM046,INV0271,2023-10-15,10,183330.0,182368.0,962.0,2023-10-17,10,1330.0,Donholm1,Rep Two,KAA010
CRM059,INV0196,2023-03-29,3,15150.0,14290.0,860.0,2023-03-30,3,147.0,Donholm2,Rep Two,KAA004
CRM031,INV0626,2023-07-08,7,93730.0,93657.0,73.0,2023-07-09,7,606.0,Umoja2,Rep One,KAA006
CRM059,INV0393,2023-11-03,11,45000.0,42670.0,2330.0,2023-11-05,11,200.0,Donholm2,Rep Two,KAA008
CRM057,INV0462,2023-07-11,7,116350.0,111811.0,4539.0,2023-07-11,7,843.0,Donholm2,Rep Two,KAA003
CRM046,INV0797,2023-03-09,3,21200.0,20433.0,767.0,2023-03-10,3,240.0,Donholm1,Rep Two,KAA010
CRM007,INV0463,2023-03-28,3,238660.0,234542.0,4118.0,2023-03-30,3,1838.0,Tena,Rep One,KAA004
CRM020,INV0995,2023-01-21,1,81720.0,76913.0,4807.0,2023-01-22,1,714.0,Innercore,Rep One,KAA002
CRM043,INV0282,2023-06-02,6,129920.0,125344.0,4576.0,2023-06-02,6,931.0,Donholm1,Rep Two,KAA010
CRM077,INV0586,2023-05-22,5,126200.0,122558.0,3642.0,2023-05-24,5,869.0,Tassia2,Rep Three,KAA003
CRM010,INV1000,2023-08-01,8,20850.0,14832.0,6018.0,2023-08-02,8,104.0,Tena,Rep One,KAA003
CRM076,INV0633,2023-05-13,5,225530.0,220310.0,5220.0,2023-05-14,5,1697.0,Tassia2,Rep Three,KAA007
CRM061,INV0018,2023-10-01,10,89950.0,88261.0,1689.0,2023-10-01,10,744.0,Tassia1,Rep Three,KAA002
CRM029,INV0849,2023-09-02,9,67690.0,62153.0,5537.0,2023-09-03,9,646.0,Umoja1,Rep One,KAA003
CRM005,INV0731,2023-09-30,9,148030.0,147292.0,738.0,2023-10-01,10,985.0,Tena,Rep One,KAA004
CRM028,INV0386,2023-12-16,12,97450.0,93769.0,3681.0,2023-12-17,12,746.0,Umoja1,Rep One,KAA008
CRM007,INV0725,2023-04-12,4,84800.0,79173.0,5627.0,2023-04-14,4,666.0,Tena,Rep One,KAA004
CRM011,INV0691,2023-07-24,7,83580.0,82809.0,771.0,2023-07-26,7,551.0,Innercore,Rep One,KAA001
CRM034,INV0993,2023-10-07,10,115510.0,115455.0,55.0,2023-10-09,10,904.0,Umoja2,Rep One,KAA002
CRM077,INV0036,2023-06-29,6,33620.0,33398.0,222.0,2023-06-30,6,164.0,Tassia2,Rep Three,KAA003
CRM005,INV0679,2023-12-13,12,84530.0,78223.0,6307.0,2023-12-14,12,632.0,Tena,Rep One,KAA010
CRM072,INV0150,2023-11-29,11,276710.0,272156.0,4554.0,2023-11-30,11,1961.0,Tassia2,Rep Three,KAA001
CRM064,INV0295,2023-12-07,12,70490.0,67863.0,2627.0,2023-12-09,12,510.0,Tassia1,Rep Three,KAA001
CRM037,INV0088,2023-06-27,6,181390.0,179929.0,1461.0,2023-06-28,6,1311.0,Umoja2,Rep One,KAA006
CRM020,INV0203,2023-04-29,4,58300.0,57546.0,754.0,2023-05-01,5,480.0,Innercore,Rep One,KAA005
CRM018,INV0982,2023-08-06,8,161540.0,154957.0,6583.0,2023-08-07,8,1315.0,Innercore,Rep One,KAA001
CRM001,INV0509,2023-11-01,11,74960.0,71947.0,3013.0,2023-11-02,11,560.0,Tena,Rep One,KAA008
CRM047,INV0651,2023-09-24,9,50500.0,49567.0,933.0,2023-09-25,9,345.0,Donholm1,Rep Two,KAA008
CRM055,INV0374,2023-03-31,3,62950.0,60797.0,2153.0,2023-04-01,4,491.0,Donholm2,Rep Two,KAA007
CRM034,INV0886,2023-04-18,4,66900.0,63428.0,3472.0,2023-04-20,4,616.0,Umoja2,Rep One,KAA005
CRM058,INV0562,2023-07-12,7,23580.0,21466.0,2114.0,2023-07-13,7,236.0,Donholm2,Rep Two,KAA001
CRM045,INV0071,2023-04-17,4,45700.0,43731.0,1969.0,2023-04-18,4,319.0,Donholm1,Rep Two,KAA005
CRM075,INV0212,2023-06-22,6,54080.0,49560.0,4520.0,2023-06-24,6,465.0,Tassia2,Rep Three,KAA005
CRM035,INV0465,2023-11-28,11,112360.0,112207.0,153.0,2023-11-28,11,851.0,Umoja2,Rep One,KAA004
CRM023,INV0226,2023-07-17,7,141810.0,139428.0,2382.0,2023-07-19,7,1015.0,Umoja1,Rep One,KAA006
CRM040,INV0481,2023-01-13,1,174030.0,173702.0,328.0,2023-01-14,1,1250.0,Umoja2,Rep One,KAA005
CRM046,INV0662,2023-02-22,2,155380.0,155118.0,262.0,2023-02-24,2,1245.0,Donholm1,Rep Two,KAA009
CRM029,INV0148,2023-02-09,2,168490.0,165861.0,2629.0,2023-02-09,2,1094.0,Umoja1,Rep One,KAA001
CRM040,INV0489,2023-07-02,7,171850.0,165715.0,6135.0,2023-07-02,7,1220.0,Umoja2,Rep One,KAA006
CRM026,INV0570,2023-03-29,3,37530.0,36465.0,1065.0,2023-03-30,3,286.0,Umoja1,Rep One,KAA002
CRM040,INV0492,2023-02-11,2,68250.0,66671.0,1579.0,2023-02-13,2,531.0,Umoja2,Rep One,KAA006
CRM064,INV0020,2023-12-18,12,10500.0,6910.0,3590.0,2023-12-18,12,120.0,Tassia1,Rep Three,KAA002
CRM072,INV0960,2023-03-14,3,64400.0,58515.0,5885.0,2023-03-14,3,592.0,Tassia2,Rep Three,KAA010
CRM033,INV0268,2023-12-22,12,150320.0,145774.0,4546.0,2023-12-23,12,1037.0,Umoja2,Rep One,KAA009
CRM015,INV0962,2023-06-03,6,9400.0,9082.0,318.0,2023-06-03,6,40.0,Innercore,Rep One,KAA010
CRM011,INV0417,2023-06-28,6,13500.0,11734.0,1766.0,2023-06-28,6,60.0,Innercore,Rep One,KAA010
CRM031,INV0087,2023-08-10,8,4140.0,3695.0,445.0,2023-08-11,8,48.0,Umoja2,Rep One,KAA006
CRM079,INV0072,2023-01-20,1,32100.0,26583.0,5517.0,2023-01-20,1,274.0,Tassia2,Rep Three,KAA005
CRM011,INV0978,2023-04-08,4,17000.0,10412.0,6588.0,2023-04-08,4,120.0,Innercore,Rep One,KAA001
CRM053,INV0383,2023-07-02,7,102480.0,101812.0,668.0,2023-07-02,7,839.0,Donholm2,Rep Two,KAA007
CRM076,INV0080,2023-10-16,10,155060.0,148342.0,6718.0,2023-10-18,10,1270.0,Tassia2,Rep Three,KAA006
CRM071,INV0419,2023-05-10,5,210250.0,207666.0,2584.0,2023-05-10,5,1497.0,Tassia2,Rep Three,KAA010
CRM033,INV0115,2023-06-28,6,14840.0,10458.0,4382.0,2023-06-29,6,168.0,Umoja2,Rep One,KAA008
CRM051,INV0893,2023-01-11,1,89100.0,87047.0,2053.0,2023-01-12,1,648.0,Donholm2,Rep Two,KAA006
CRM017,INV0877,2023-04-12,4,34200.0,32654.0,1546.0,2023-04-13,4,298.0,Innercore,Rep One,KAA005
CRM008,INV0704,2023-11-13,11,115200.0,111561.0,3639.0,2023-11-13,11,598.0,Tena,Rep One,KAA002
CRM007,INV0967,2023-12-27,12,88250.0,82241.0,6009.0,2023-12-27,12,678.0,Tena,Rep One,KAA010
CRM079,INV0372,2023-06-28,6,30000.0,24192.0,5808.0,2023-06-28,6,145.0,Tassia2,Rep Three,KAA007
CRM066,INV0003,2023-10-05,10,160260.0,159149.0,1111.0,2023-10-06,10,1168.0,Tassia1,Rep Three,KAA001
CRM055,INV0598,2023-05-07,5,18300.0,14860.0,3440.0,2023-05-09,5,172.0,Donholm2,Rep Two,KAA004
CRM065,INV0912,2023-01-27,1,80010.0,74798.0,5212.0,2023-01-29,1,571.0,Tassia1,Rep Three,KAA007
CRM018,INV0641,2023-02-17,2,43500.0,41339.0,2161.0,2023-02-19,2,190.0,Innercore,Rep One,KAA007
CRM022,INV0266,2023-11-20,11,68850.0,65968.0,2882.0,2023-11-22,11,555.0,Umoja1,Rep One,KAA009
CRM001,INV0904,2023-04-22,4,33210.0,29912.0,3298.0,2023-04-22,4,172.0,Tena,Rep One,KAA006
CRM060,INV0304,2023-08-12,8,75500.0,71393.0,4107.0,2023-08-13,8,460.0,Donholm2,Rep Two,KAA002
CRM041,INV0527,2023-12-23,12,47750.0,44013.0,3737.0,2023-12-24,12,335.0,Donholm1,Rep Two,KAA009
CRM001,INV0861,2023-06-06,6,190600.0,184179.0,6421.0,2023-06-06,6,1336.0,Tena,Rep One,KAA004
CRM077,INV0866,2023-05-14,5,10250.0,7980.0,2270.0,2023-05-15,5,120.0,Tassia2,Rep Three,KAA004
CRM065,INV0920,2023-03-30,3,108660.0,104220.0,4440.0,2023-03-31,3,642.0,Tassia1,Rep Three,KAA007
CRM017,INV0540,2023-06-11,6,213020.0,208862.0,4158.0,2023-06-13,6,1454.0,Innercore,Rep One,KAA010
CRM019,INV0946,2023-09-20,9,185720.0,181234.0,4486.0,2023-09-22,9,1262.0,Innercore,Rep One,KAA009
CRM028,INV0027,2023-06-06,6,68400.0,63944.0,4456.0,2023-06-08,6,552.0,Umoja1,Rep One,KAA002
CRM030,INV0260,2023-08-03,8,190180.0,186452.0,3728.0,2023-08-03,8,1523.0,Umoja1,Rep One,KAA009
CRM069,INV0103,2023-01-08,1,79510.0,73465.0,6045.0,2023-01-09,1,688.0,Tassia1,Rep Three,KAA007
CRM032,INV0511,2023-09-11,9,26970.0,26699.0,271.0,2023-09-13,9,124.0,Umoja2,Rep One,KAA008
CRM022,INV0873,2023-07-31,7,54600.0,50982.0,3618.0,2023-07-31,7,450.0,Umoja1,Rep One,KAA005
CRM033,INV0918,2023-01-15,1,38160.0,36571.0,1589.0,2023-01-17,1,272.0,Umoja2,Rep One,KAA007
CRM067,INV0825,2023-12-07,12,191730.0,190031.0,1699.0,2023-12-07,12,1273.0,Tassia1,Rep Three,KAA001
CRM079,INV0192,2023-09-25,9,10350.0,7974.0,2376.0,2023-09-27,9,120.0,Tassia2,Rep Three,KAA004
CRM051,INV0892,2023-07-12,7,95670.0,90434.0,5236.0,2023-07-14,7,644.0,Donholm2,Rep Two,KAA006
CRM071,INV0162,2023-07-16,7,188910.0,188339.0,571.0,2023-07-18,7,1233.0,Tassia2,Rep Three,KAA002
CRM015,INV0723,2023-10-23,10,50100.0,46578.0,3522.0,2023-10-25,10,350.0,Innercore,Rep One,KAA003
CRM015,INV0609,2023-09-23,9,37920.0,31161.0,6759.0,2023-09-24,9,244.0,Innercore,Rep One,KAA005
CRM063,INV0597,2023-08-11,8,129660.0,125187.0,4473.0,2023-08-13,8,1133.0,Tassia1,Rep Three,KAA004
CRM025,INV0834,2023-04-09,4,132720.0,130936.0,1784.0,2023-04-09,4,835.0,Umoja1,Rep One,KAA002
CRM015,INV0030,2023-12-16,12,116720.0,112364.0,4356.0,2023-12-18,12,884.0,Innercore,Rep One,KAA003
CRM054,INV0016,2023-10-23,10,37600.0,34540.0,3060.0,2023-10-23,10,240.0,Donholm2,Rep Two,KAA002
CRM070,INV0760,2023-07-29,7,165980.0,161667.0,4313.0,2023-07-31,7,1299.0,Tassia1,Rep Three,KAA007
CRM048,INV0213,2023-11-22,11,58800.0,56892.0,1908.0,2023-11-22,11,440.0,Donholm1,Rep Two,KAA005
CRM033,INV0294,2023-06-01,6,116100.0,112834.0,3266.0,2023-06-01,6,961.0,Umoja2,Rep One,KAA001
CRM027,INV0812,2023-05-23,5,109860.0,106389.0,3471.0,2023-05-24,5,742.0,Umoja1,Rep One,KAA010
CRM056,INV0337,2023-08-10,8,154450.0,153017.0,1433.0,2023-08-10,8,1130.0,Donholm2,Rep Two,KAA004
CRM079,INV0396,2023-03-15,3,123170.0,116509.0,6661.0,2023-03-16,3,830.0,Tassia2,Rep Three,KAA009
CRM050,INV0817,2023-09-12,9,130760.0,125870.0,4890.0,2023-09-12,9,765.0,Donholm1,Rep Two,KAA001
CRM063,INV0525,2023-11-12,11,44800.0,44433.0,367.0,2023-11-13,11,346.0,Tassia1,Rep Three,KAA009
CRM011,INV0473,2023-10-08,10,144830.0,138974.0,5856.0,2023-10-10,10,995.0,Innercore,Rep One,KAA005
CRM022,INV0139,2023-05-01,5,145540.0,139971.0,5569.0,2023-05-02,5,1166.0,Umoja1,Rep One,KAA010
CRM025,INV0424,2023-03-23,3,151690.0,146840.0,4850.0,2023-03-24,3,1181.0,Umoja1,Rep One,KAA001
CRM076,INV0058,2023-07-24,7,25260.0,23038.0,2222.0,2023-07-24,7,288.0,Tassia2,Rep Three,KAA004
CRM070,INV0703,2023-05-25,5,9000.0,3279.0,5721.0,2023-05-25,5,75.0,Tassia1,Rep Three,KAA002
CRM020,INV0416,2023-10-05,10,27540.0,25270.0,2270.0,2023-10-06,10,218.0,Innercore,Rep One,KAA010
CRM008,INV0485,2023-06-12,6,182130.0,181616.0,514.0,2023-06-12,6,1279.0,Tena,Rep One,KAA006
CRM039,INV0629,2023-05-17,5,14840.0,13913.0,927.0,2023-05-18,5,168.0,Umoja2,Rep One,KAA006
CRM056,INV0916,2023-10-14,10,232640.0,229387.0,3253.0,2023-10-14,10,1664.0,Donholm2,Rep Two,KAA007
CRM028,INV0637,2023-08-07,8,113410.0,110489.0,2921.0,2023-08-07,8,905.0,Umoja1,Rep One,KAA007
CRM016,INV0098,2023-12-09,12,172090.0,166776.0,5314.0,2023-12-09,12,1345.0,Innercore,Rep One,KAA007
CRM015,INV0152,2023-11-12,11,140560.0,139052.0,1508.0,2023-11-13,11,878.0,Innercore,Rep One,KAA001
CRM011,INV0807,2023-02-08,2,83240.0,80729.0,2511.0,2023-02-09,2,638.0,Innercore,Rep One,KAA010
CRM079,INV0717,2023-12-24,12,72620.0,69631.0,2989.0,2023-12-26,12,342.0,Tassia2,Rep Three,KAA003
CRM004,INV0264,2023-03-22,3,105460.0,103034.0,2426.0,2023-03-24,3,562.0,Tena,Rep One,KAA009
CRM044,INV0917,2023-08-06,8,124920.0,118599.0,6321.0,2023-08-06,8,999.0,Donholm1,Rep Two,KAA007
CRM050,INV0824,2023-07-16,7,51500.0,46516.0,4984.0,2023-07-17,7,418.0,Donholm1,Rep Two,KAA001
CRM052,INV0125,2023-02-09,2,141650.0,138928.0,2722.0,2023-02-11,2,974.0,Donholm2,Rep Two,KAA009
CRM047,INV0208,2023-08-13,8,159320.0,152794.0,6526.0,2023-08-13,8,1109.0,Donholm1,Rep Two,KAA005
CRM009,INV0603,2023-01-20,1,188850.0,186015.0,2835.0,2023-01-22,1,1433.0,Tena,Rep One,KAA004
CRM071,INV0555,2023-01-09,1,9620.0,6371.0,3249.0,2023-01-09,1,54.0,Tassia2,Rep Three,KAA001
CRM033,INV0344,2023-06-13,6,144350.0,141082.0,3268.0,2023-06-14,6,987.0,Umoja2,Rep One,KAA005
CRM032,INV0343,2023-09-11,9,124950.0,124122.0,828.0,2023-09-13,9,874.0,Umoja2,Rep One,KAA005
CRM008,INV0262,2023-01-14,1,14350.0,12034.0,2316.0,2023-01-16,1,168.0,Tena,Rep One,KAA009
CRM072,INV0761,2023-08-04,8,59100.0,52832.0,6268.0,2023-08-06,8,520.0,Tassia2,Rep Three,KAA007
CRM045,INV0575,2023-06-16,6,2120.0,731.0,1389.0,2023-06-17,6,24.0,Donholm1,Rep Two,KAA002
CRM066,INV0081,2023-02-27,2,129110.0,125598.0,3512.0,2023-02-28,2,740.0,Tassia1,Rep Three,KAA006
CRM055,INV0401,2023-04-05,4,176250.0,176083.0,167.0,2023-04-07,4,1196.0,Donholm2,Rep Two,KAA009
CRM041,INV0533,2023-03-02,3,38550.0,37103.0,1447.0,2023-03-03,3,346.0,Donholm1,Rep Two,KAA010
CRM078,INV0959,2023-10-15,10,204570.0,200935.0,3635.0,2023-10-17,10,1386.0,Tassia2,Rep Three,KAA010
CRM038,INV0445,2023-09-28,9,92400.0,87684.0,4716.0,2023-09-28,9,637.0,Umoja2,Rep One,KAA002
CRM008,INV0272,2023-12-27,12,53050.0,52247.0,803.0,2023-12-29,12,370.0,Tena,Rep One,KAA010
CRM008,INV0333,2023-12-22,12,112010.0,107515.0,4495.0,2023-12-22,12,797.0,Tena,Rep One,KAA004
CRM051,INV0131,2023-07-25,7,10350.0,3360.0,6990.0,2023-07-27,7,120.0,Donholm2,Rep Two,KAA009
CRM070,INV0573,2023-11-20,11,94200.0,94046.0,154.0,2023-11-20,11,613.0,Tassia1,Rep Three,KAA002
CRM041,INV0247,2023-05-14,5,57200.0,52461.0,4739.0,2023-05-14,5,278.0,Donholm1,Rep Two,KAA008
CRM054,INV0888,2023-10-20,10,39410.0,32763.0,6647.0,2023-10-20,10,312.0,Donholm2,Rep Two,KAA005
CRM015,INV0627,2023-10-23,10,72770.0,66268.0,6502.0,2023-10-24,10,617.0,Innercore,Rep One,KAA006
CRM023,INV0711,2023-12-12,12,83390.0,81999.0,1391.0,2023-12-12,12,550.0,Umoja1,Rep One,KAA003
CRM017,INV0559,2023-03-22,3,4700.0,3442.0,1258.0,2023-03-24,3,20.0,Innercore,Rep One,KAA001
CRM016,INV0984,2023-02-28,2,122320.0,117818.0,4502.0,2023-03-01,3,796.0,Innercore,Rep One,KAA001
CRM031,INV0426,2023-09-26,9,59690.0,55043.0,4647.0,2023-09-26,9,406.0,Umoja2,Rep One,KAA001
CRM059,INV0639,2023-06-15,6,109170.0,108180.0,990.0,2023-06-16,6,767.0,Donholm2,Rep Two,KAA007
CRM032,INV0707,2023-03-13,3,133920.0,132963.0,957.0,2023-03-13,3,1212.0,Umoja2,Rep One,KAA002
CRM049,INV0062,2023-10-15,10,73700.0,71763.0,1937.0,2023-10-17,10,616.0,Donholm1,Rep Two,KAA005
CRM068,INV0520,2023-07-27,7,121800.0,121246.0,554.0,2023-07-29,7,1133.0,Tassia1,Rep Three,KAA009
CRM059,INV0985,2023-12-25,12,80840.0,76250.0,4590.0,2023-12-26,12,635.0,Donholm2,Rep Two,KAA002
CRM045,INV0338,2023-12-10,12,66400.0,65911.0,489.0,2023-12-12,12,581.0,Donholm1,Rep Two,KAA004
CRM023,INV0804,2023-07-27,7,14490.0,14033.0,457.0,2023-07-28,7,168.0,Umoja1,Rep One,KAA010
CRM056,INV0439,2023-06-09,6,175660.0,169939.0,5721.0,2023-06-10,6,1347.0,Donholm2,Rep Two,KAA002
CRM037,INV0120,2023-04-09,4,85600.0,83227.0,2373.0,2023-04-10,4,680.0,Umoja2,Rep One,KAA008
CRM028,INV0246,2023-04-14,4,42000.0,41520.0,480.0,2023-04-15,4,350.0,Umoja1,Rep One,KAA008
CRM014,INV0667,2023-12-16,12,192330.0,191107.0,1223.0,2023-12-17,12,1322.0,Innercore,Rep One,KAA009
CRM037,INV0324,2023-04-27,4,88340.0,82897.0,5443.0,2023-04-27,4,620.0,Umoja2,Rep One,KAA003
CRM016,INV0516,2023-06-27,6,81000.0,74202.0,6798.0,2023-06-28,6,330.0,Innercore,Rep One,KAA008
CRM058,INV0628,2023-02-08,2,43600.0,41608.0,1992.0,2023-02-08,2,210.0,Donholm2,Rep Two,KAA006
CRM006,INV0377,2023-12-21,12,78050.0,77155.0,895.0,2023-12-21,12,520.0,Tena,Rep One,KAA007
CRM008,INV0648,2023-07-12,7,146780.0,141543.0,5237.0,2023-07-14,7,1024.0,Tena,Rep One,KAA008
CRM023,INV0275,2023-06-25,6,62690.0,62678.0,12.0,2023-06-26,6,368.0,Umoja1,Rep One,KAA010
CRM041,INV0789,2023-09-07,9,132590.0,128773.0,3817.0,2023-09-08,9,1018.0,Donholm1,Rep Two,KAA009
CRM015,INV0200,2023-06-27,6,124570.0,118296.0,6274.0,2023-06-28,6,1106.0,Innercore,Rep One,KAA005
CRM054,INV0619,2023-03-26,3,144050.0,138527.0,5523.0,2023-03-26,3,920.0,Donholm2,Rep Two,KAA006
CRM073,INV0420,2023-08-28,8,6150.0,132.0,6018.0,2023-08-28,8,72.0,Tassia2,Rep Three,KAA010
CRM041,INV0270,2023-02-04,2,2700.0,99.0,2601.0,2023-02-06,2,10.0,Donholm1,Rep Two,KAA009
CRM065,INV0091,2023-07-11,7,114440.0,113041.0,1399.0,2023-07-13,7,976.0,Tassia1,Rep Three,KAA007
CRM025,INV0718,2023-11-21,11,102630.0,100228.0,2402.0,2023-11-23,11,946.0,Umoja1,Rep One,KAA003
CRM006,INV0635,2023-07-24,7,8200.0,5183.0,3017.0,2023-07-26,7,96.0,Tena,Rep One,KAA007
CRM073,INV0187,2023-12-21,12,142520.0,142473.0,47.0,2023-12-21,12,841.0,Tassia2,Rep Three,KAA004
CRM050,INV0175,2023-01-01,1,239610.0,233467.0,6143.0,2023-01-01,1,1659.0,Donholm1,Rep Two,KAA003
CRM065,INV0177,2023-04-20,4,37600.0,32121.0,5479.0,2023-04-22,4,160.0,Tassia1,Rep Three,KAA003
CRM021,INV0514,2023-05-19,5,113690.0,110826.0,2864.0,2023-05-20,5,794.0,Umoja1,Rep One,KAA008
CRM016,INV0448,2023-08-29,8,124700.0,124309.0,391.0,2023-08-31,8,628.0,Innercore,Rep One,KAA002
CRM026,INV0316,2023-02-18,2,171260.0,170625.0,635.0,2023-02-20,2,1184.0,Umoja1,Rep One,KAA003
CRM070,INV0872,2023-01-07,1,148600.0,143004.0,5596.0,2023-01-09,1,1122.0,Tassia1,Rep Three,KAA005
CRM011,INV0064,2023-04-25,4,62600.0,60371.0,2229.0,2023-04-27,4,506.0,Innercore,Rep One,KAA005
CRM051,INV0278,2023-08-03,8,167790.0,161929.0,5861.0,2023-08-04,8,1124.0,Donholm2,Rep Two,KAA010
CRM028,INV0590,2023-08-07,8,39600.0,34334.0,5266.0,2023-08-07,8,310.0,Umoja1,Rep One,KAA003
CRM057,INV0369,2023-12-21,12,58500.0,57633.0,867.0,2023-12-21,12,365.0,Donholm2,Rep Two,KAA006
CRM076,INV0198,2023-08-05,8,126600.0,124815.0,1785.0,2023-08-06,8,841.0,Tassia2,Rep Three,KAA004
CRM015,INV0652,2023-08-25,8,8100.0,4378.0,3722.0,2023-08-25,8,30.0,Innercore,Rep One,KAA008
CRM034,INV0996,2023-10-09,10,118570.0,117223.0,1347.0,2023-10-11,10,832.0,Umoja2,Rep One,KAA002
CRM008,INV0163,2023-06-15,6,216060.0,211340.0,4720.0,2023-06-16,6,1524.0,Tena,Rep One,KAA002
CRM061,INV0601,2023-02-16,2,122280.0,120638.0,1642.0,2023-02-16,2,766.0,Tassia1,Rep Three,KAA004
CRM044,INV0119,2023-08-25,8,79110.0,76274.0,2836.0,2023-08-25,8,637.0,Donholm1,Rep Two,KAA008
CRM033,INV0544,2023-05-19,5,77050.0,75112.0,1938.0,2023-05-21,5,592.0,Umoja2,Rep One,KAA010
CRM023,INV0410,2023-04-25,4,102320.0,101440.0,880.0,2023-04-26,4,754.0,Umoja1,Rep One,KAA010
CRM062,INV0019,2023-04-19,4,145300.0,138906.0,6394.0,2023-04-21,4,996.0,Tassia1,Rep Three,KAA002
CRM073,INV0447,2023-01-19,1,187550.0,181610.0,5940.0,2023-01-19,1,1402.0,Tassia2,Rep Three,KAA002
CRM052,INV0219,2023-02-19,2,51760.0,44847.0,6913.0,2023-02-20,2,361.0,Donholm2,Rep Two,KAA006
CRM008,INV0172,2023-12-08,12,25000.0,23137.0,1863.0,2023-12-10,12,165.0,Tena,Rep One,KAA003
CRM064,INV0891,2023-05-21,5,121560.0,115166.0,6394.0,2023-05-21,5,892.0,Tassia1,Rep Three,KAA006
CRM078,INV0647,2023-11-12,11,24300.0,19864.0,4436.0,2023-11-14,11,90.0,Tassia2,Rep Three,KAA008
CRM071,INV0902,2023-11-19,11,87900.0,81001.0,6899.0,2023-11-20,11,646.0,Tassia2,Rep Three,KAA006
CRM035,INV0780,2023-11-21,11,79660.0,76561.0,3099.0,2023-11-23,11,516.0,Umoja2,Rep One,KAA008
CRM005,INV0487,2023-10-01,10,94990.0,93690.0,1300.0,2023-10-02,10,864.0,Tena,Rep One,KAA006
CRM006,INV0066,2023-11-11,11,88240.0,81500.0,6740.0,2023-11-12,11,388.0,Tena,Rep One,KAA005
CRM073,INV0104,2023-11-10,11,148350.0,141585.0,6765.0,2023-11-12,11,1077.0,Tassia2,Rep Three,KAA007
CRM029,INV0833,2023-02-10,2,69120.0,67850.0,1270.0,2023-02-12,2,454.0,Umoja1,Rep One,KAA002
